constructorStandingsId,raceId,constructorId,points,position,positionText,wins
1,17,18,147,1,1,11
2,17,212,118,2,2,5
3,17,73,73,3,3,1
4,17,135,30,4,4,0
5,17,111,24,5,5,0
6,17,93,21,6,6,0
7,17,172,18,7,7,0
8,17,76,5,8,8,0
9,17,205,5,9,9,0
10,17,145,1,10,10,0
11,17,78,0,,-,0
12,17,153,0,,-,0
13,17,182,0,,-,0
14,33,212,175,1,1,12
15,33,73,70,2,2,3
16,33,18,68,3,3,0
17,33,135,49,4,4,0
18,33,93,22,5,5,0
19,33,111,15,6,6,1
20,33,172,11,7,7,0
21,33,205,5,8,8,0
22,33,76,1,9,9,0
23,33,145,0,,-,0
24,33,78,0,,-,0
25,50,212,123,1,1,8
26,50,73,102,2,2,5
27,50,18,67,3,3,1
28,50,135,63,4,4,3
29,50,93,33,5,5,0
30,50,161,21,6,6,0
31,50,172,16,7,7,0
32,50,10,9,8,8,0
33,50,189,6,9,9,0
34,50,205,2,10,10,0
35,50,145,0,,-,0
36,66,135,156,1,1,9
37,66,73,133,2,2,6
38,66,212,38,3,3,0
39,66,93,34,4,4,1
40,66,18,33,5,5,0
41,66,172,10,6,6,0
42,66,10,6,7,7,0
43,66,189,5,8,8,0
44,66,161,1,9,9,0
45,66,145,0,,-,0
46,66,205,0,,-,0
47,82,73,128,1,1,6
48,82,135,124,2,2,7
49,82,93,61,3,3,2
50,82,189,36,4,4,1
51,82,212,35,5,5,0
52,82,18,16,6,6,0
53,82,161,9,7,7,0
54,82,172,5,8,8,0
55,82,10,1,9,9,0
56,82,145,1,10,10,0
57,82,15,0,,-,0
58,99,73,170,1,1,10
59,99,135,162,2,2,7
60,99,212,36,3,3,0
61,99,18,20,4,4,0
62,99,15,20,5,5,0
63,99,93,17,6,6,0
64,99,10,7,7,7,0
65,99,172,6,8,8,0
66,99,91,4,9,9,0
67,99,145,0,,-,0
68,99,161,0,,-,0
69,116,73,179,1,1,9
70,116,135,102,2,2,4
71,116,212,80,3,3,4
72,116,172,21,4,4,0
73,116,93,19,5,5,0
74,116,15,17,6,6,0
75,116,18,10,7,7,0
76,116,91,9,8,8,0
77,116,161,4,9,9,0
78,116,10,1,10,10,0
79,116,145,0,,-,0
80,133,73,221,1,1,15
81,133,212,92,2,2,1
82,133,135,65,3,3,1
83,133,170,23,4,4,0
84,133,172,11,5,5,0
85,133,93,9,6,6,0
86,133,91,8,7,7,0
87,133,15,7,8,8,0
88,133,145,2,9,9,0
89,133,201,2,10,10,0
90,133,10,2,11,11,0
91,149,73,158,1,1,8
92,149,212,144,2,2,4
93,149,135,142,3,3,2
94,149,170,88,4,4,1
95,149,15,26,5,5,0
96,149,172,19,6,6,0
97,149,91,18,7,7,0
98,149,201,16,8,8,0
99,149,93,13,9,9,1
100,149,145,0,10,10,0
101,167,73,262,1,1,15
102,167,15,119,2,2,0
103,167,170,105,3,3,1
104,167,212,88,4,4,1
105,167,135,69,5,5,1
106,167,172,34,6,6,0
107,167,91,10,7,7,0
108,167,201,9,8,8,0
109,167,93,5,9,9,0
110,167,145,1,10,10,0
111,186,170,191,1,1,8
112,186,135,182,2,2,10
113,186,73,100,3,3,1
114,186,201,88,4,4,0
115,186,212,66,5,5,0
116,186,15,38,6,6,0
117,186,169,34,7,7,0
118,186,172,20,8,8,0
119,186,93,12,9,9,0
120,186,145,7,10,10,0
121,204,170,206,1,1,8
122,204,73,201,2,2,9
123,204,135,110,3,3,0
124,204,87,86,4,4,1
125,204,20,36,5,5,0
126,204,201,35,6,6,0
127,204,169,16,7,7,0
128,204,212,11,8,8,0
129,204,200,1,9,9,0
130,204,143,0,10,10,0
131,204,190,0,11,11,0
132,204,186,0,12,12,0
133,221,73,204,1,1,9
134,221,20,101,2,2,0
135,221,170,51,3,3,0
136,221,212,33,4,4,0
137,221,169,24,5,5,0
138,221,201,13,6,6,0
139,221,200,8,7,7,0
140,221,87,6,8,8,0
141,221,190,4,9,9,0
142,221,185,1,10,10,0
143,221,135,0,,E,8
144,239,73,172,1,1,8
145,239,135,151,2,2,6
146,239,20,135,3,3,1
147,239,170,80,4,4,2
148,239,201,56,5,5,0
149,239,200,39,6,6,1
150,239,169,29,7,7,0
151,239,212,26,8,8,0
152,239,87,14,9,9,0
153,239,77,0,10,10,0
154,239,190,0,11,11,0
155,256,28,172,1,1,8
156,256,169,153.5,2,2,6
157,256,135,71,3,3,2
158,256,73,70,4,4,1
159,256,201,59.5,5,5,0
160,256,20,36,6,6,0
161,256,212,34.5,7,7,0
162,256,170,26,8,8,0
163,256,77,13,9,9,0
164,256,200,8,10,10,0
165,275,169,498,1,1,9
166,275,135,454,2,2,5
167,275,73,396,3,3,5
168,275,140,214,4,4,0
169,275,170,163,5,5,0
170,275,212,69,6,6,0
171,275,77,68,7,7,0
172,275,172,44,8,8,0
173,275,200,13,9,9,0
174,275,120,0,10,10,0
175,275,88,0,11,11,0
176,275,209,0,12,12,0
177,294,169,650,1,1,12
178,294,135,497,2,2,6
179,294,73,375,3,3,1
180,294,140,165,4,4,0
181,294,170,73,5,5,0
182,294,77,69,6,6,0
183,294,172,44,7,7,0
184,294,200,41,8,8,0
185,294,212,5,9,9,0
186,294,120,0,10,10,0
187,294,88,0,11,11,0
188,294,209,0,12,12,0
189,314,169,460,1,1,7
190,314,73,400,2,2,3
191,314,135,378,3,3,7
192,314,119,303,4,4,1
193,314,140,142,5,5,1
194,314,172,126,6,6,0
195,314,77,109,7,7,0
196,314,212,76,8,8,1
197,314,200,26,9,9,0
198,314,36,0,10,10,0
199,314,129,0,11,11,0
200,314,88,0,12,12,0
201,333,169,596,1,1,13
202,333,140,360,2,2,3
203,333,73,354,3,3,2
204,333,119,315,4,4,1
205,333,135,122,5,5,0
206,333,77,77,6,6,0
207,333,172,57,7,7,0
208,333,200,33,8,8,0
209,333,212,5,9,9,0
210,333,129,0,10,10,0
211,333,36,0,11,11,0
212,352,140,701,1,1,16
213,352,169,405,2,2,3
214,352,212,320,3,3,0
215,352,73,216,4,4,0
216,352,135,181,5,5,0
217,352,77,155,6,6,0
218,352,200,30,7,7,0
219,352,119,10,8,8,0
220,352,129,2,9,9,0
221,352,172,0,10,10,0
222,352,36,0,11,11,0
223,371,140,703,1,1,16
224,371,73,428,2,2,3
225,371,212,257,3,3,0
226,371,169,187,4,4,0
227,371,77,136,5,5,0
228,371,119,78,6,6,0
229,371,200,67,7,7,0
230,371,172,36,8,8,0
231,371,135,27,9,9,0
232,371,123,0,10,10,0
233,392,140,765,1,1,19
234,392,169,468,2,2,2
235,392,73,398,3,3,0
236,392,77,173,4,4,0
237,392,212,138,5,5,0
238,392,135,76,6,6,0
239,392,200,63,7,7,0
240,392,83,29,8,8,0
241,392,170,8,9,9,0
242,392,172,2,10,10,0
243,392,123,1,11,11,0
244,412,140,668,1,1,12
245,412,73,522,2,2,5
246,412,169,368,3,3,3
247,412,77,187,4,4,0
248,412,212,83,5,5,0
249,412,170,57,6,6,0
250,412,200,53,7,7,0
251,412,83,47,8,8,0
252,412,135,30,9,9,0
253,412,172,5,10,10,0
254,433,140,655,1,1,11
255,433,73,571,2,2,6
256,433,169,419,3,3,4
257,433,170,122,4,4,0
258,433,77,111,5,5,0
259,433,83,93,6,6,0
260,433,135,62,7,7,0
261,433,172,48,8,8,0
262,433,200,33,9,9,0
263,433,212,7,10,10,0
264,454,140,739,1,1,15
265,454,73,504,2,2,3
266,454,169,417,3,3,3
267,454,135,145,4,4,0
268,454,170,91,5,5,0
269,454,200,85,6,6,0
270,454,163,73,7,7,0
271,454,4,57,8,8,0
272,454,83,28,9,9,0
273,454,212,1,10,10,0
274,471,140,573,1,1,13
275,471,169,319,2,2,2
276,471,135,202,3,3,0
277,471,163,195,4,4,1
278,471,170,181,5,5,0
279,471,73,131,6,6,0
280,471,5,107,7,7,1
281,471,4,8,8,8,0
282,471,83,3,9,9,0
283,471,212,0,10,10,0
284,493,140,613.5,1,1,9
285,493,169,585.5,2,2,11
286,493,73,323.5,3,3,0
287,493,135,275,4,4,1
288,493,6,155,5,5,1
289,493,5,142,6,6,0
290,493,12,77,7,7,0
291,493,212,23,8,8,0
292,493,4,13,9,9,0
293,493,83,0,10,10,0
294,515,169,759,1,1,17
295,515,73,554,2,2,4
296,515,140,515,3,3,1
297,515,6,173,4,4,0
298,515,135,159,5,5,0
299,515,4,55,6,6,0
300,515,12,55,7,7,0
301,515,83,37,8,8,0
302,515,5,35,9,9,0
303,515,212,8,10,10,0
304,537,169,860,1,1,21
305,537,140,409,2,2,0
306,537,73,406,3,3,1
307,537,135,302,4,4,0
308,537,12,280,5,5,0
309,537,6,120,6,6,0
310,537,212,28,7,7,0
311,537,5,25,8,8,0
312,537,4,16,9,9,0
313,537,83,12,10,10,0
314,561,135,666,1,1,6
315,561,73,652,2,2,5
316,561,169,589,3,3,9
317,561,140,468,4,4,4
318,561,12,94,5,5,0
319,561,6,65,6,6,0
320,561,83,58,7,7,0
321,561,166,46,8,8,0
322,561,212,17,9,9,0
323,561,172,4,10,10,0
324,585,135,833,1,1,14
325,585,140,469,2,2,2
326,585,169,451,3,3,8
327,585,73,398,4,4,0
328,585,212,137,5,5,0
329,585,166,92,6,6,0
330,585,12,89,7,7,0
331,585,83,79,8,8,0
332,585,172,70,9,9,0
333,585,6,22,10,10,0
334,607,140,135,1,1,3
335,607,73,90,2,2,0
336,607,135,46,3,3,0
337,607,83,18,4,4,0
338,607,6,16,5,5,0
339,607,169,16,6,6,0
340,607,166,14,7,7,0
341,607,14,2,8,8,0
342,607,212,2,9,9,0
343,607,35,0,10,10,0
344,607,12,0,11,11,0
