driverStandingsId,raceId,driverId,points,position,positionText,wins
1,17,696,102,1,1,9
2,17,361,69,2,2,4
3,17,183,49,3,3,1
4,17,354,45,4,4,2
5,17,13,42,5,5,1
6,17,73,31,6,6,0
7,17,376,17,7,7,0
8,17,577,16,8,8,0
9,17,274,15,9,9,0
10,17,91,13,10,10,0
11,17,53,11,11,11,0
12,17,383,10,12,12,0
13,17,127,7,13,13,0
14,17,533,5,14,14,0
15,17,674,5,15,15,0
16,17,103,3,16,16,0
17,17,748,1,17,17,0
18,17,430,1,18,18,0
19,17,497,0,,-,0
20,17,402,0,,-,0
21,17,206,0,,-,0
22,17,579,0,,-,0
23,17,41,0,,-,0
24,17,381,0,,-,0
25,17,530,0,,-,0
26,17,281,0,,-,0
27,17,688,0,,-,0
28,17,815,0,,-,0
29,17,487,0,,-,0
30,17,482,0,,-,0
31,17,791,0,,-,0
32,17,534,0,,-,0
33,17,757,0,,-,0
34,17,224,0,,-,0
35,17,442,0,,-,0
36,33,361,97,1,1,8
37,33,796,78,2,2,4
38,33,696,59,3,3,3
39,33,13,47,4,4,0
40,33,376,31,5,5,0
41,33,73,21,6,6,0
42,33,183,18,7,7,0
43,33,53,14,8,8,0
44,33,577,13,9,9,1
45,33,383,11,10,10,0
46,33,127,8,11,11,0
47,33,274,7,12,12,0
48,33,674,5,13,13,0
49,33,354,4,14,14,0
50,33,206,2,15,15,0
51,33,791,1,16,16,0
52,33,402,0,,-,0
53,33,659,0,,-,0
54,33,250,0,,-,0
55,33,430,0,,-,0
56,33,41,0,,-,0
57,33,442,0,,-,0
58,33,530,0,,-,0
59,33,493,0,,-,0
60,50,796,81,1,1,7
61,50,274,42,2,2,1
62,50,183,36,3,3,2
63,50,13,36,4,4,0
64,50,73,27,5,5,1
65,50,376,27,6,6,1
66,50,383,24,7,7,0
67,50,250,20,8,8,0
68,50,577,16,9,9,0
69,50,354,15,10,10,0
70,50,697,13,11,11,0
71,50,361,7,12,12,0
72,50,53,6,13,13,0
73,50,837,4,14,14,0
74,50,778,3,15,15,0
75,50,206,2,16,16,0
76,50,674,2,17,17,0
77,50,544,2,18,18,0
78,50,434,1,19,19,0
79,50,696,78,,D,5
80,50,482,0,,-,0
81,50,791,0,,-,0
82,50,533,0,,-,0
83,50,264,0,,-,0
84,50,402,0,,-,0
85,50,493,0,,-,0
86,66,376,100,1,1,8
87,66,696,86,2,2,6
88,66,183,56,3,3,1
89,66,383,47,4,4,0
90,66,796,21,5,5,0
91,66,361,20,6,6,1
92,66,274,17,7,7,0
93,66,837,17,8,8,0
94,66,250,16,9,9,0
95,66,697,14,10,10,0
96,66,13,9,11,11,0
97,66,53,4,12,12,0
98,66,674,3,13,13,0
99,66,206,3,14,14,0
100,66,354,1,15,15,0
101,66,778,1,16,16,0
102,66,482,1,17,17,0
103,66,544,0,,-,0
104,66,780,0,,-,0
105,66,659,0,,-,0
106,66,752,0,,-,0
107,66,577,0,,-,0
108,66,791,0,,-,0
109,82,376,76,1,1,5
110,82,383,74,2,2,4
111,82,274,54,3,3,2
112,82,183,48,4,4,2
113,82,696,44,5,5,2
114,82,697,35,6,6,0
115,82,53,21,7,7,0
116,82,354,15,8,8,1
117,82,250,13,9,9,0
118,82,674,10,10,10,0
119,82,778,7,11,11,0
120,82,361,7,12,12,0
121,82,837,3,13,13,0
122,82,206,3,14,14,0
123,82,13,2,15,15,0
124,82,577,2,16,16,0
125,82,293,1,17,17,0
126,82,867,1,18,18,0
127,82,840,0,,-,0
128,82,752,0,,-,0
129,82,796,0,,-,0
130,82,843,0,,-,0
131,82,41,0,,-,0
132,82,678,0,,-,0
133,99,696,108,1,1,9
134,99,376,89,2,2,4
135,99,183,73,3,3,3
136,99,53,62,4,4,1
137,99,697,24,5,5,0
138,99,250,18,6,6,0
139,99,796,17,7,7,0
140,99,138,12,8,8,0
141,99,274,11,9,9,0
142,99,778,6,10,10,0
143,99,674,6,11,11,0
144,99,791,5,12,12,0
145,99,383,4,13,13,0
146,99,843,3,14,14,0
147,99,837,2,15,15,0
148,99,867,2,16,16,0
149,99,354,0,,-,0
150,99,206,0,,-,0
151,99,293,0,,-,0
152,99,350,0,,-,0
153,99,505,0,,-,0
154,99,13,0,,-,0
155,99,136,0,,-,0
156,116,696,123,1,1,9
157,116,183,65,2,2,2
158,116,53,56,3,3,0
159,116,697,49,4,4,3
160,116,376,37,5,5,2
161,116,570,31,6,6,1
162,116,796,12,7,7,0
163,116,350,12,8,8,0
164,116,778,12,9,9,0
165,116,669,9,10,10,0
166,116,250,8,11,11,0
167,116,383,6,12,12,0
168,116,274,6,13,13,0
169,116,577,5,14,14,0
170,116,13,5,15,15,0
171,116,867,3,16,16,0
172,116,138,2,17,17,0
173,116,791,1,18,18,0
174,116,843,0,,-,0
175,116,136,0,,-,0
176,116,75,0,,-,0
177,116,493,0,,-,0
178,116,17,0,,-,0
179,116,232,0,,-,0
180,116,505,0,,-,0
181,116,839,0,,-,0
182,133,696,144,1,1,11
183,133,53,77,2,2,4
184,133,570,50,3,3,0
185,133,697,42,4,4,1
186,133,183,41,5,5,1
187,133,669,24,6,6,0
188,133,138,14,7,7,0
189,133,778,9,8,8,0
190,133,383,8,9,9,0
191,133,350,7,10,10,0
192,133,250,7,11,11,0
193,133,796,4,12,12,0
194,133,500,4,13,13,0
195,133,577,3,14,14,0
196,133,679,2,15,15,0
197,133,811,2,16,16,0
198,133,674,2,17,17,0
199,133,274,2,18,18,0
200,133,513,0,19,19,0
201,133,839,0,20,20,0
202,133,867,0,21,21,0
203,133,75,0,22,22,0
204,133,201,0,,-,0
205,149,696,93,1,1,6
206,149,669,91,2,2,1
207,149,570,82,3,3,2
208,149,53,65,4,4,2
209,149,697,58,5,5,2
210,149,17,55,6,6,1
211,149,183,51,7,7,1
212,149,778,33,8,8,0
213,149,138,17,9,9,0
214,149,811,17,10,10,0
215,149,274,13,11,11,0
216,149,250,12,12,12,1
217,149,848,10,13,13,0
218,149,350,6,14,14,0
219,149,577,6,15,15,0
220,149,796,6,16,16,0
221,149,293,4,17,17,0
222,149,679,3,18,18,0
223,149,247,1,19,19,0
224,149,831,1,20,20,0
225,149,608,0,21,21,0
226,149,791,0,22,22,0
227,149,411,0,23,23,0
228,149,58,0,24,24,0
229,167,696,148,1,1,13
230,167,53,114,2,2,2
231,167,138,85,3,3,0
232,167,17,59,4,4,0
233,167,570,58,5,5,1
234,167,778,46,6,6,1
235,167,669,45,7,7,1
236,167,679,34,8,8,0
237,167,697,24,9,9,0
238,167,183,24,10,10,0
239,167,250,22,11,11,0
240,167,500,12,12,12,0
241,167,811,7,13,13,0
242,167,577,6,14,14,0
243,167,608,6,15,15,0
244,167,415,3,16,16,0
245,167,848,3,17,17,0
246,167,350,3,18,18,0
247,167,304,2,19,19,0
248,167,58,1,20,20,0
249,167,796,0,21,21,0
250,167,843,0,22,22,0
251,167,293,0,23,23,0
252,167,578,0,24,24,0
253,167,128,0,25,25,0
254,186,17,133,1,1,7
255,186,669,112,2,2,7
256,186,696,62,3,3,1
257,186,570,60,4,4,3
258,186,250,58,5,5,1
259,186,697,45,6,6,0
260,186,778,43,7,7,0
261,186,53,38,8,8,0
262,186,138,37,9,9,0
263,186,811,36,10,10,0
264,186,350,28,11,11,0
265,186,183,24,12,12,0
266,186,500,11,13,13,0
267,186,796,9,14,14,0
268,186,415,9,15,15,0
269,186,529,7,16,16,0
270,186,837,6,17,17,0
271,186,401,5,18,18,0
272,186,10,4,19,19,0
273,186,867,4,20,20,0
274,186,275,3,21,21,0
275,186,608,2,22,22,0
276,186,679,1,23,23,0
277,186,461,1,24,24,0
278,186,213,0,25,25,0
279,186,843,0,,-,0
280,186,201,0,,-,0
281,204,17,134,1,1,7
282,204,696,121,2,2,7
283,204,500,80,3,3,2
284,204,250,72,4,4,1
285,204,669,65,5,5,0
286,204,138,56,6,6,1
287,204,53,30,7,7,0
288,204,570,26,8,8,0
289,204,350,23,9,9,0
290,204,697,20,10,10,0
291,204,867,19,11,11,0
292,204,778,15,12,12,0
293,204,183,14,13,13,0
294,204,811,7,14,14,0
295,204,796,7,15,15,0
296,204,423,6,16,16,0
297,204,656,4,17,17,0
298,204,415,2,18,18,0
299,204,461,1,19,19,0
300,204,727,0,20,20,0
301,204,529,0,21,21,0
302,204,10,0,22,22,0
303,204,679,0,23,23,0
304,204,213,0,24,24,0
305,204,379,0,25,25,0
306,204,838,0,26,26,0
307,204,528,0,27,27,0
308,221,669,110,1,1,6
309,221,335,109,2,2,4
310,221,17,109,3,3,4
311,221,500,94,4,4,3
312,221,350,61,5,5,0
313,221,423,39,6,6,0
314,221,420,30,7,7,0
315,221,250,21,8,8,0
316,221,656,20,9,9,0
317,221,183,14,10,10,0
318,221,837,13,11,11,0
319,221,811,10,12,12,0
320,221,778,8,13,13,0
321,221,794,6,14,14,0
322,221,138,6,15,15,0
323,221,697,5,16,16,0
324,221,679,4,17,17,0
325,221,461,3,18,18,0
326,221,746,1,19,19,0
327,221,53,0,20,20,0
328,221,727,0,21,21,0
329,221,543,0,22,22,0
330,221,201,0,23,23,0
331,221,838,0,24,24,0
332,221,10,0,25,25,0
333,221,834,0,,-,0
334,239,335,98,1,1,5
335,239,500,97,2,2,6
336,239,669,75,3,3,2
337,239,423,75,4,4,1
338,239,17,61,5,5,2
339,239,350,60,6,6,0
340,239,420,53,7,7,1
341,239,794,35,8,8,1
342,239,778,31,9,9,0
343,239,304,25,10,10,0
344,239,811,21,11,11,0
345,239,604,19,12,12,0
346,239,656,17,13,13,0
347,239,53,11,14,14,0
348,239,543,9,15,15,0
349,239,183,8,16,16,0
350,239,104,4,17,17,0
351,239,138,3,18,18,0
352,239,250,0,19,19,0
353,239,746,0,20,20,0
354,239,679,0,21,21,0
355,239,201,0,22,22,0
356,256,138,95,1,1,6
357,256,794,84,2,2,4
358,256,53,77,3,3,2
359,256,811,69.5,4,4,2
360,256,335,49,5,5,2
361,256,669,48,6,6,1
362,256,656,34.5,7,7,0
363,256,778,32.5,8,8,0
364,256,17,26,9,9,0
365,256,304,24,10,10,0
366,256,500,22,11,11,0
367,256,420,22,12,12,0
368,256,350,19,13,13,0
369,256,423,17,14,14,0
370,256,250,8,15,15,0
371,256,133,6,16,16,0
372,256,746,5,17,17,0
373,256,418,3,18,18,0
374,256,104,2,19,19,0
375,256,543,0,20,20,0
376,256,604,0,21,21,0
377,256,461,0,22,22,0
378,256,319,0,23,23,0
379,256,14,0,24,24,0
380,256,41,0,25,25,0
381,275,794,256,1,1,5
382,275,17,252,2,2,5
383,275,811,242,3,3,4
384,275,335,240,4,4,3
385,275,138,214,5,5,2
386,275,500,144,6,6,0
387,275,656,142,7,7,0
388,275,423,136,8,8,0
389,275,696,72,9,9,0
390,275,53,47,10,10,0
391,275,746,47,11,11,0
392,275,418,32,12,12,0
393,275,593,27,13,13,0
394,275,377,22,14,14,0
395,275,461,21,15,15,0
396,275,133,8,16,16,0
397,275,867,6,17,17,0
398,275,350,6,18,18,0
399,275,14,5,19,19,0
400,275,420,0,20,20,0
401,275,778,0,21,21,0
402,275,158,0,22,22,0
403,275,706,0,23,23,0
404,275,868,0,24,24,0
405,275,304,0,25,25,0
406,275,838,0,26,26,0
407,275,415,0,27,27,0
408,294,794,392,1,1,11
409,294,138,270,2,2,3
410,294,811,258,3,3,1
411,294,17,257,4,4,1
412,294,335,227,5,5,3
413,294,500,118,6,6,0
414,294,656,89,7,7,0
415,294,696,76,8,8,0
416,294,746,42,9,9,0
417,294,593,37,10,10,0
418,294,350,34,11,11,0
419,294,418,30,12,12,0
420,294,869,27,13,13,0
421,294,14,26,14,14,0
422,294,133,15,15,15,0
423,294,622,14,16,16,0
424,294,53,4,17,17,0
425,294,706,2,18,18,0
426,294,486,1,19,19,0
427,294,867,0,20,20,0
428,294,778,0,21,21,0
429,294,420,0,22,22,0
430,294,461,0,23,23,0
431,294,846,0,24,24,0
432,294,304,0,25,25,0
433,294,401,0,26,26,0
434,294,642,0,27,27,0
435,294,158,0,28,28,0
436,314,794,281,1,1,5
437,314,17,278,2,2,3
438,314,669,207,3,3,1
439,314,335,190,4,4,4
440,314,138,188,5,5,3
441,314,811,179,6,6,2
442,314,500,122,7,7,0
443,314,319,96,8,8,0
444,314,656,93,9,9,1
445,314,622,66,10,10,0
446,314,377,63,11,11,0
447,314,418,60,12,12,0
448,314,696,49,13,13,0
449,314,869,46,14,14,0
450,314,486,45,15,15,1
451,314,706,31,16,16,0
452,314,790,16,17,17,0
453,314,642,10,18,18,0
454,314,593,0,19,19,0
455,314,304,0,20,20,0
456,314,595,0,21,21,0
457,314,420,0,22,22,0
458,314,846,0,23,23,0
459,314,401,0,24,24,0
460,314,867,0,25,25,0
461,333,794,397,1,1,13
462,333,17,242,2,2,2
463,333,811,199,3,3,0
464,333,335,189,4,4,1
465,333,669,183,5,5,1
466,333,656,171,6,6,2
467,333,319,132,7,7,0
468,333,500,112,8,8,0
469,333,138,73,9,9,0
470,333,377,51,10,10,0
471,333,622,49,11,11,0
472,333,869,48,12,12,0
473,333,746,29,13,13,0
474,333,642,20,14,14,0
475,333,790,13,15,15,0
476,333,327,6,16,16,0
477,333,102,4,17,17,0
478,333,486,1,18,18,0
479,333,80,0,19,19,0
480,333,595,0,20,20,0
481,333,873,0,21,21,0
482,333,420,0,22,22,0
483,333,165,0,23,23,0
484,352,335,384,1,1,11
485,352,656,317,2,2,5
486,352,642,238,3,3,3
487,352,102,186,4,4,0
488,352,794,167,5,5,0
489,352,17,161,6,6,0
490,352,500,134,7,7,0
491,352,138,126,8,8,0
492,352,377,96,9,9,0
493,352,622,59,10,10,0
494,352,483,55,11,11,0
495,352,669,55,12,12,0
496,352,790,22,13,13,0
497,352,319,8,14,14,0
498,352,425,8,15,15,0
499,352,486,2,16,16,0
500,352,80,2,17,17,0
501,352,746,0,18,18,0
502,352,234,0,19,19,0
503,352,327,0,20,20,0
504,352,165,0,21,21,0
505,352,418,0,22,22,0
506,352,731,0,23,23,0
507,352,465,0,,-,0
508,371,335,381,1,1,10
509,371,656,322,2,2,6
510,371,794,278,3,3,3
511,371,669,150,4,4,0
512,371,102,136,5,5,0
513,371,500,121,6,6,0
514,371,425,95,7,7,0
515,371,642,92,8,8,0
516,371,622,78,9,9,0
517,371,377,58,10,10,0
518,371,319,51,11,11,0
519,371,792,49,12,12,0
520,371,548,27,13,13,0
521,371,486,27,14,14,0
522,371,672,18,15,15,0
523,371,138,16,16,16,0
524,371,17,11,17,17,0
525,371,234,9,18,18,0
526,371,517,0,19,19,0
527,371,660,0,20,20,0
528,371,731,0,21,21,0
529,371,483,0,,-,0
530,392,656,385,1,1,9
531,392,335,380,2,2,10
532,392,642,256,3,3,1
533,392,794,212,4,4,0
534,392,792,204,5,5,1
535,392,669,186,6,6,0
536,392,622,101,7,7,0
537,392,102,85,8,8,0
538,392,377,72,9,9,0
539,392,17,54,10,10,0
540,392,500,53,11,11,0
541,392,672,46,12,12,0
542,392,319,29,13,13,0
543,392,425,25,14,14,0
544,392,138,21,15,15,0
545,392,483,7,16,16,0
546,392,548,2,17,17,0
547,392,576,1,18,18,0
548,392,812,1,19,19,0
549,392,788,1,20,20,0
550,392,327,0,21,21,0
551,392,234,0,22,22,0
552,392,566,0,23,23,0
553,392,344,0,24,24,0
554,412,335,363,1,1,9
555,412,794,317,2,2,5
556,412,102,305,3,3,3
557,412,669,205,4,4,0
558,412,642,200,5,5,1
559,412,792,168,6,6,2
560,412,622,100,7,7,0
561,412,566,87,8,8,0
562,412,672,54,9,9,0
563,412,377,43,10,10,0
564,412,500,43,11,11,0
565,412,739,40,12,12,0
566,412,319,28,13,13,0
567,412,483,19,14,14,0
568,412,17,17,15,15,0
569,412,788,13,16,16,0
570,412,576,8,17,17,0
571,412,812,5,18,18,0
572,412,425,5,19,19,0
573,412,234,0,20,20,0
574,412,290,0,21,21,0
575,412,302,0,22,22,0
576,412,343,0,23,23,0
577,412,138,0,,-,0
578,412,869,0,,-,0
579,433,335,408,1,1,11
580,433,794,320,2,2,5
581,433,669,251,3,3,1
582,433,792,249,4,4,2
583,433,102,247,5,5,0
584,433,642,170,6,6,2
585,433,377,69,7,7,0
586,433,622,62,8,8,0
587,433,483,56,9,9,0
588,433,672,53,10,10,0
589,433,17,50,11,11,0
590,433,566,49,12,12,0
591,433,445,39,13,13,0
592,433,319,37,14,14,0
593,433,290,29,15,15,0
594,433,788,12,16,16,0
595,433,234,9,17,17,0
596,433,739,6,18,18,0
597,433,343,4,19,19,0
598,433,719,1,20,20,0
599,454,335,413,1,1,11
600,454,102,326,2,2,4
601,454,792,278,3,3,3
602,454,445,264,4,4,2
603,454,794,240,5,5,1
604,454,672,96,6,6,0
605,454,290,95,7,7,0
606,454,11,92,8,8,0
607,454,642,54,9,9,0
608,454,622,52,10,10,0
609,454,560,49,11,11,0
610,454,669,43,12,12,0
611,454,425,37,13,13,0
612,454,377,37,14,14,0
613,454,739,21,15,15,0
614,454,483,20,16,16,0
615,454,302,14,17,17,0
616,454,319,8,18,18,0
617,454,423,1,19,19,0
618,454,663,0,20,20,0
619,471,335,347,1,1,11
620,471,102,223,2,2,2
621,471,792,214,3,3,2
622,471,622,125,4,4,1
623,471,642,119,5,5,0
624,471,672,105,6,6,0
625,471,11,105,7,7,0
626,471,445,98,8,8,0
627,471,560,97,9,9,0
628,471,290,75,10,10,1
629,471,739,75,11,11,0
630,471,566,62,12,12,0
631,471,794,33,13,13,0
632,471,425,32,14,14,0
633,471,377,10,15,15,0
634,471,669,4,16,16,0
635,471,302,4,17,17,0
636,471,663,3,18,18,0
637,471,319,2,19,19,0
638,471,483,1,20,20,0
639,471,439,0,21,21,0
640,471,9,0,22,22,0
641,471,255,0,23,23,0
642,493,792,395.5,1,1,10
643,493,335,387.5,2,2,8
644,493,102,226,3,3,1
645,493,622,190,4,4,1
646,493,672,164.5,5,5,0
647,493,560,160,6,6,0
648,493,445,159,7,7,0
649,493,642,115,8,8,1
650,493,290,110,9,9,0
651,493,17,81,10,10,0
652,493,566,74,11,11,1
653,493,794,43,12,12,0
654,493,739,34,13,13,0
655,493,779,32,14,14,0
656,493,663,16,15,15,0
657,493,669,10,16,16,0
658,493,439,7,17,17,0
659,493,302,3,18,18,0
660,493,698,0,19,19,0
661,493,423,0,20,20,0
662,493,503,0,21,21,0
663,515,792,454,1,1,15
664,515,445,308,2,2,3
665,515,622,305,3,3,2
666,515,663,275,4,4,1
667,515,672,246,5,5,1
668,515,335,240,6,6,0
669,515,560,122,7,7,0
670,515,566,92,8,8,0
671,515,17,81,9,9,0
672,515,102,49,10,10,0
673,515,642,37,11,11,0
674,515,794,37,12,12,0
675,515,483,25,13,13,0
676,515,290,23,14,14,0
677,515,739,18,15,15,0
678,515,698,12,16,16,0
679,515,779,12,17,17,0
680,515,842,6,18,18,0
681,515,11,4,19,19,0
682,515,439,2,20,20,0
683,515,866,2,21,21,0
684,515,377,0,22,22,0
685,537,792,575,1,1,19
686,537,622,285,2,2,2
687,537,335,234,3,3,0
688,537,17,206,4,4,0
689,537,445,206,5,5,0
690,537,560,205,6,6,0
691,537,672,200,7,7,1
692,537,663,175,8,8,0
693,537,594,97,9,9,0
694,537,739,74,10,10,0
695,537,290,62,11,11,0
696,537,566,58,12,12,0
697,537,11,27,13,13,0
698,537,779,17,14,14,0
699,537,102,10,15,15,0
700,537,377,9,16,16,0
701,537,642,6,17,17,0
702,537,842,6,18,18,0
703,537,483,3,19,19,0
704,537,444,2,20,20,0
705,537,677,1,21,21,0
706,537,866,0,22,22,0
707,561,792,437,1,1,9
708,561,560,374,2,2,4
709,561,445,356,3,3,3
710,561,594,292,4,4,2
711,561,672,290,5,5,2
712,561,663,245,6,6,2
713,561,335,223,7,7,2
714,561,622,152,8,8,0
715,561,17,70,9,9,0
716,561,290,42,10,10,0
717,561,377,41,11,11,0
718,561,779,30,12,12,0
719,561,739,24,13,13,0
720,561,566,23,14,14,0
721,561,483,16,15,15,0
722,561,11,12,16,16,0
723,561,642,12,17,17,0
724,561,60,7,18,18,0
725,561,174,5,19,19,0
726,561,842,4,20,20,0
727,561,444,4,21,21,0
728,561,102,0,22,22,0
729,561,677,0,23,23,0
730,561,212,0,24,24,0
731,585,560,423,1,1,7
732,585,792,421,2,2,8
733,585,594,410,3,3,7
734,585,663,319,4,4,2
735,585,445,242,5,5,0
736,585,335,156,6,6,0
737,585,27,150,7,7,0
738,585,11,73,8,8,0
739,585,672,64,9,9,0
740,585,17,56,10,10,0
741,585,377,51,11,11,0
742,585,329,51,12,12,0
743,585,60,41,13,13,0
744,585,444,38,14,14,0
745,585,566,38,15,15,0
746,585,739,33,16,16,0
747,585,779,33,17,17,0
748,585,290,22,18,18,0
749,585,100,19,19,19,0
750,585,174,0,20,20,0
751,585,212,0,21,21,0
752,607,27,72,1,1,2
753,607,663,63,2,2,1
754,607,445,49,3,3,0
755,607,335,41,4,4,0
756,607,560,25,5,5,0
757,607,594,21,6,6,0
758,607,60,17,7,7,0
759,607,290,15,8,8,0
760,607,792,12,9,9,0
761,607,444,10,10,10,0
762,607,458,4,11,11,0
763,607,329,4,12,12,0
764,607,100,2,13,13,0
765,607,672,2,14,14,0
766,607,566,1,15,15,0
767,607,174,1,16,16,0
768,607,377,0,17,17,0
769,607,11,0,18,18,0
770,607,102,0,19,19,0
771,607,622,0,20,20,0
772,607,17,0,21,21,0
773,607,739,0,22,22,0
