raceId,year,round,circuitId,name,date,time,url
1,1995,1,interlagos,Brazilian Grand Prix,1995-03-26,\N,https://en.wikipedia.org/wiki/1995_Brazilian_Grand_Prix
2,1995,2,galvez,Argentine Grand Prix,1995-04-09,\N,https://en.wikipedia.org/wiki/1995_Argentine_Grand_Prix
3,1995,3,imola,San Marino Grand Prix,1995-04-30,\N,https://en.wikipedia.org/wiki/1995_San_Marino_Grand_Prix
4,1995,4,catalunya,Spanish Grand Prix,1995-05-14,\N,https://en.wikipedia.org/wiki/1995_Spanish_Grand_Prix
5,1995,5,monaco,Monaco Grand Prix,1995-05-28,\N,https://en.wikipedia.org/wiki/1995_Monaco_Grand_Prix
6,1995,6,villeneuve,Canadian Grand Prix,1995-06-11,\N,https://en.wikipedia.org/wiki/1995_Canadian_Grand_Prix
7,1995,7,magny_cours,French Grand Prix,1995-07-02,\N,https://en.wikipedia.org/wiki/1995_French_Grand_Prix
8,1995,8,silverstone,British Grand Prix,1995-07-16,\N,https://en.wikipedia.org/wiki/1995_British_Grand_Prix
9,1995,9,hockenheimring,German Grand Prix,1995-07-30,\N,https://en.wikipedia.org/wiki/1995_German_Grand_Prix
10,1995,10,hungaroring,Hungarian Grand Prix,1995-08-13,\N,https://en.wikipedia.org/wiki/1995_Hungarian_Grand_Prix
11,1995,11,spa,Belgian Grand Prix,1995-08-27,\N,https://en.wikipedia.org/wiki/1995_Belgian_Grand_Prix
12,1995,12,monza,Italian Grand Prix,1995-09-10,\N,https://en.wikipedia.org/wiki/1995_Italian_Grand_Prix
13,1995,13,estoril,Portuguese Grand Prix,1995-09-24,\N,https://en.wikipedia.org/wiki/1995_Portuguese_Grand_Prix
14,1995,14,nurburgring,European Grand Prix,1995-10-01,\N,https://en.wikipedia.org/wiki/1995_European_Grand_Prix
15,1995,15,okayama,Pacific Grand Prix,1995-10-22,\N,https://en.wikipedia.org/wiki/1995_Pacific_Grand_Prix
16,1995,16,suzuka,Japanese Grand Prix,1995-10-29,\N,https://en.wikipedia.org/wiki/1995_Japanese_Grand_Prix
17,1995,17,adelaide,Australian Grand Prix,1995-11-12,\N,https://en.wikipedia.org/wiki/1995_Australian_Grand_Prix
18,1996,1,albert_park,Australian Grand Prix,1996-03-10,\N,https://en.wikipedia.org/wiki/1996_Australian_Grand_Prix
19,1996,2,interlagos,Brazilian Grand Prix,1996-03-31,\N,https://en.wikipedia.org/wiki/1996_Brazilian_Grand_Prix
20,1996,3,galvez,Argentine Grand Prix,1996-04-07,\N,https://en.wikipedia.org/wiki/1996_Argentine_Grand_Prix
21,1996,4,nurburgring,European Grand Prix,1996-04-28,\N,https://en.wikipedia.org/wiki/1996_European_Grand_Prix
22,1996,5,imola,San Marino Grand Prix,1996-05-05,\N,https://en.wikipedia.org/wiki/1996_San_Marino_Grand_Prix
23,1996,6,monaco,Monaco Grand Prix,1996-05-19,\N,https://en.wikipedia.org/wiki/1996_Monaco_Grand_Prix
24,1996,7,catalunya,Spanish Grand Prix,1996-06-02,\N,https://en.wikipedia.org/wiki/1996_Spanish_Grand_Prix
25,1996,8,villeneuve,Canadian Grand Prix,1996-06-16,\N,https://en.wikipedia.org/wiki/1996_Canadian_Grand_Prix
26,1996,9,magny_cours,French Grand Prix,1996-06-30,\N,https://en.wikipedia.org/wiki/1996_French_Grand_Prix
27,1996,10,silverstone,British Grand Prix,1996-07-14,\N,https://en.wikipedia.org/wiki/1996_British_Grand_Prix
28,1996,11,hockenheimring,German Grand Prix,1996-07-28,\N,https://en.wikipedia.org/wiki/1996_German_Grand_Prix
29,1996,12,hungaroring,Hungarian Grand Prix,1996-08-11,\N,https://en.wikipedia.org/wiki/1996_Hungarian_Grand_Prix
30,1996,13,spa,Belgian Grand Prix,1996-08-25,\N,https://en.wikipedia.org/wiki/1996_Belgian_Grand_Prix
31,1996,14,monza,Italian Grand Prix,1996-09-08,\N,https://en.wikipedia.org/wiki/1996_Italian_Grand_Prix
32,1996,15,estoril,Portuguese Grand Prix,1996-09-22,\N,https://en.wikipedia.org/wiki/1996_Portuguese_Grand_Prix
33,1996,16,suzuka,Japanese Grand Prix,1996-10-13,\N,https://en.wikipedia.org/wiki/1996_Japanese_Grand_Prix
34,1997,1,albert_park,Australian Grand Prix,1997-03-09,\N,https://en.wikipedia.org/wiki/1997_Australian_Grand_Prix
35,1997,2,interlagos,Brazilian Grand Prix,1997-03-30,\N,https://en.wikipedia.org/wiki/1997_Brazilian_Grand_Prix
36,1997,3,galvez,Argentine Grand Prix,1997-04-13,\N,https://en.wikipedia.org/wiki/1997_Argentine_Grand_Prix
37,1997,4,imola,San Marino Grand Prix,1997-04-27,\N,https://en.wikipedia.org/wiki/1997_San_Marino_Grand_Prix
38,1997,5,monaco,Monaco Grand Prix,1997-05-11,\N,https://en.wikipedia.org/wiki/1997_Monaco_Grand_Prix
39,1997,6,catalunya,Spanish Grand Prix,1997-05-25,\N,https://en.wikipedia.org/wiki/1997_Spanish_Grand_Prix
40,1997,7,villeneuve,Canadian Grand Prix,1997-06-15,\N,https://en.wikipedia.org/wiki/1997_Canadian_Grand_Prix
41,1997,8,magny_cours,French Grand Prix,1997-06-29,\N,https://en.wikipedia.org/wiki/1997_French_Grand_Prix
42,1997,9,silverstone,British Grand Prix,1997-07-13,\N,https://en.wikipedia.org/wiki/1997_British_Grand_Prix
43,1997,10,hockenheimring,German Grand Prix,1997-07-27,\N,https://en.wikipedia.org/wiki/1997_German_Grand_Prix
44,1997,11,hungaroring,Hungarian Grand Prix,1997-08-10,\N,https://en.wikipedia.org/wiki/1997_Hungarian_Grand_Prix
45,1997,12,spa,Belgian Grand Prix,1997-08-24,\N,https://en.wikipedia.org/wiki/1997_Belgian_Grand_Prix
46,1997,13,monza,Italian Grand Prix,1997-09-07,\N,https://en.wikipedia.org/wiki/1997_Italian_Grand_Prix
47,1997,14,red_bull_ring,Austrian Grand Prix,1997-09-21,\N,https://en.wikipedia.org/wiki/1997_Austrian_Grand_Prix
48,1997,15,nurburgring,Luxembourg Grand Prix,1997-09-28,\N,https://en.wikipedia.org/wiki/1997_Luxembourg_Grand_Prix
49,1997,16,suzuka,Japanese Grand Prix,1997-10-12,\N,https://en.wikipedia.org/wiki/1997_Japanese_Grand_Prix
50,1997,17,jerez,European Grand Prix,1997-10-26,\N,https://en.wikipedia.org/wiki/1997_European_Grand_Prix
51,1998,1,albert_park,Australian Grand Prix,1998-03-08,\N,https://en.wikipedia.org/wiki/1998_Australian_Grand_Prix
52,1998,2,interlagos,Brazilian Grand Prix,1998-03-29,\N,https://en.wikipedia.org/wiki/1998_Brazilian_Grand_Prix
53,1998,3,galvez,Argentine Grand Prix,1998-04-12,\N,https://en.wikipedia.org/wiki/1998_Argentine_Grand_Prix
54,1998,4,imola,San Marino Grand Prix,1998-04-26,\N,https://en.wikipedia.org/wiki/1998_San_Marino_Grand_Prix
55,1998,5,catalunya,Spanish Grand Prix,1998-05-10,\N,https://en.wikipedia.org/wiki/1998_Spanish_Grand_Prix
56,1998,6,monaco,Monaco Grand Prix,1998-05-24,\N,https://en.wikipedia.org/wiki/1998_Monaco_Grand_Prix
57,1998,7,villeneuve,Canadian Grand Prix,1998-06-07,\N,https://en.wikipedia.org/wiki/1998_Canadian_Grand_Prix
58,1998,8,magny_cours,French Grand Prix,1998-06-28,\N,https://en.wikipedia.org/wiki/1998_French_Grand_Prix
59,1998,9,silverstone,British Grand Prix,1998-07-12,\N,https://en.wikipedia.org/wiki/1998_British_Grand_Prix
60,1998,10,red_bull_ring,Austrian Grand Prix,1998-07-26,\N,https://en.wikipedia.org/wiki/1998_Austrian_Grand_Prix
61,1998,11,hockenheimring,German Grand Prix,1998-08-02,\N,https://en.wikipedia.org/wiki/1998_German_Grand_Prix
62,1998,12,hungaroring,Hungarian Grand Prix,1998-08-16,\N,https://en.wikipedia.org/wiki/1998_Hungarian_Grand_Prix
63,1998,13,spa,Belgian Grand Prix,1998-08-30,\N,https://en.wikipedia.org/wiki/1998_Belgian_Grand_Prix
64,1998,14,monza,Italian Grand Prix,1998-09-13,\N,https://en.wikipedia.org/wiki/1998_Italian_Grand_Prix
65,1998,15,nurburgring,Luxembourg Grand Prix,1998-09-27,\N,https://en.wikipedia.org/wiki/1998_Luxembourg_Grand_Prix
66,1998,16,suzuka,Japanese Grand Prix,1998-11-01,\N,https://en.wikipedia.org/wiki/1998_Japanese_Grand_Prix
67,1999,1,albert_park,Australian Grand Prix,1999-03-07,\N,https://en.wikipedia.org/wiki/1999_Australian_Grand_Prix
68,1999,2,interlagos,Brazilian Grand Prix,1999-04-11,\N,https://en.wikipedia.org/wiki/1999_Brazilian_Grand_Prix
69,1999,3,imola,San Marino Grand Prix,1999-05-02,\N,https://en.wikipedia.org/wiki/1999_San_Marino_Grand_Prix
70,1999,4,monaco,Monaco Grand Prix,1999-05-16,\N,https://en.wikipedia.org/wiki/1999_Monaco_Grand_Prix
71,1999,5,catalunya,Spanish Grand Prix,1999-05-30,\N,https://en.wikipedia.org/wiki/1999_Spanish_Grand_Prix
72,1999,6,villeneuve,Canadian Grand Prix,1999-06-13,\N,https://en.wikipedia.org/wiki/1999_Canadian_Grand_Prix
73,1999,7,magny_cours,French Grand Prix,1999-06-27,\N,https://en.wikipedia.org/wiki/1999_French_Grand_Prix
74,1999,8,silverstone,British Grand Prix,1999-07-11,\N,https://en.wikipedia.org/wiki/1999_British_Grand_Prix
75,1999,9,red_bull_ring,Austrian Grand Prix,1999-07-25,\N,https://en.wikipedia.org/wiki/1999_Austrian_Grand_Prix
76,1999,10,hockenheimring,German Grand Prix,1999-08-01,\N,https://en.wikipedia.org/wiki/1999_German_Grand_Prix
77,1999,11,hungaroring,Hungarian Grand Prix,1999-08-15,\N,https://en.wikipedia.org/wiki/1999_Hungarian_Grand_Prix
78,1999,12,spa,Belgian Grand Prix,1999-08-29,\N,https://en.wikipedia.org/wiki/1999_Belgian_Grand_Prix
79,1999,13,monza,Italian Grand Prix,1999-09-12,\N,https://en.wikipedia.org/wiki/1999_Italian_Grand_Prix
80,1999,14,nurburgring,European Grand Prix,1999-09-26,\N,https://en.wikipedia.org/wiki/1999_European_Grand_Prix
81,1999,15,sepang,Malaysian Grand Prix,1999-10-17,\N,https://en.wikipedia.org/wiki/1999_Malaysian_Grand_Prix
82,1999,16,suzuka,Japanese Grand Prix,1999-10-31,\N,https://en.wikipedia.org/wiki/1999_Japanese_Grand_Prix
83,2000,1,albert_park,Australian Grand Prix,2000-03-12,\N,https://en.wikipedia.org/wiki/2000_Australian_Grand_Prix
84,2000,2,interlagos,Brazilian Grand Prix,2000-03-26,\N,https://en.wikipedia.org/wiki/2000_Brazilian_Grand_Prix
85,2000,3,imola,San Marino Grand Prix,2000-04-09,\N,https://en.wikipedia.org/wiki/2000_San_Marino_Grand_Prix
86,2000,4,silverstone,British Grand Prix,2000-04-23,\N,https://en.wikipedia.org/wiki/2000_British_Grand_Prix
87,2000,5,catalunya,Spanish Grand Prix,2000-05-07,\N,https://en.wikipedia.org/wiki/2000_Spanish_Grand_Prix
88,2000,6,nurburgring,European Grand Prix,2000-05-21,\N,https://en.wikipedia.org/wiki/2000_European_Grand_Prix
89,2000,7,monaco,Monaco Grand Prix,2000-06-04,\N,https://en.wikipedia.org/wiki/2000_Monaco_Grand_Prix
90,2000,8,villeneuve,Canadian Grand Prix,2000-06-18,\N,https://en.wikipedia.org/wiki/2000_Canadian_Grand_Prix
91,2000,9,magny_cours,French Grand Prix,2000-07-02,\N,https://en.wikipedia.org/wiki/2000_French_Grand_Prix
92,2000,10,red_bull_ring,Austrian Grand Prix,2000-07-16,\N,https://en.wikipedia.org/wiki/2000_Austrian_Grand_Prix
93,2000,11,hockenheimring,German Grand Prix,2000-07-30,\N,https://en.wikipedia.org/wiki/2000_German_Grand_Prix
94,2000,12,hungaroring,Hungarian Grand Prix,2000-08-13,\N,https://en.wikipedia.org/wiki/2000_Hungarian_Grand_Prix
95,2000,13,spa,Belgian Grand Prix,2000-08-27,\N,https://en.wikipedia.org/wiki/2000_Belgian_Grand_Prix
96,2000,14,monza,Italian Grand Prix,2000-09-10,\N,https://en.wikipedia.org/wiki/2000_Italian_Grand_Prix
97,2000,15,indianapolis,United States Grand Prix,2000-09-24,\N,https://en.wikipedia.org/wiki/2000_United_States_Grand_Prix
98,2000,16,suzuka,Japanese Grand Prix,2000-10-08,\N,https://en.wikipedia.org/wiki/2000_Japanese_Grand_Prix
99,2000,17,sepang,Malaysian Grand Prix,2000-10-22,\N,https://en.wikipedia.org/wiki/2000_Malaysian_Grand_Prix
100,2001,1,albert_park,Australian Grand Prix,2001-03-04,\N,https://en.wikipedia.org/wiki/2001_Australian_Grand_Prix
101,2001,2,sepang,Malaysian Grand Prix,2001-03-18,\N,https://en.wikipedia.org/wiki/2001_Malaysian_Grand_Prix
102,2001,3,interlagos,Brazilian Grand Prix,2001-04-01,\N,https://en.wikipedia.org/wiki/2001_Brazilian_Grand_Prix
103,2001,4,imola,San Marino Grand Prix,2001-04-15,\N,https://en.wikipedia.org/wiki/2001_San_Marino_Grand_Prix
104,2001,5,catalunya,Spanish Grand Prix,2001-04-29,\N,https://en.wikipedia.org/wiki/2001_Spanish_Grand_Prix
105,2001,6,red_bull_ring,Austrian Grand Prix,2001-05-13,\N,https://en.wikipedia.org/wiki/2001_Austrian_Grand_Prix
106,2001,7,monaco,Monaco Grand Prix,2001-05-27,\N,https://en.wikipedia.org/wiki/2001_Monaco_Grand_Prix
107,2001,8,villeneuve,Canadian Grand Prix,2001-06-10,\N,https://en.wikipedia.org/wiki/2001_Canadian_Grand_Prix
108,2001,9,nurburgring,European Grand Prix,2001-06-24,\N,https://en.wikipedia.org/wiki/2001_European_Grand_Prix
109,2001,10,magny_cours,French Grand Prix,2001-07-01,\N,https://en.wikipedia.org/wiki/2001_French_Grand_Prix
110,2001,11,silverstone,British Grand Prix,2001-07-15,\N,https://en.wikipedia.org/wiki/2001_British_Grand_Prix
111,2001,12,hockenheimring,German Grand Prix,2001-07-29,\N,https://en.wikipedia.org/wiki/2001_German_Grand_Prix
112,2001,13,hungaroring,Hungarian Grand Prix,2001-08-19,\N,https://en.wikipedia.org/wiki/2001_Hungarian_Grand_Prix
113,2001,14,spa,Belgian Grand Prix,2001-09-02,\N,https://en.wikipedia.org/wiki/2001_Belgian_Grand_Prix
114,2001,15,monza,Italian Grand Prix,2001-09-16,\N,https://en.wikipedia.org/wiki/2001_Italian_Grand_Prix
115,2001,16,indianapolis,United States Grand Prix,2001-09-30,\N,https://en.wikipedia.org/wiki/2001_United_States_Grand_Prix
116,2001,17,suzuka,Japanese Grand Prix,2001-10-14,\N,https://en.wikipedia.org/wiki/2001_Japanese_Grand_Prix
117,2002,1,albert_park,Australian Grand Prix,2002-03-03,\N,https://en.wikipedia.org/wiki/2002_Australian_Grand_Prix
118,2002,2,sepang,Malaysian Grand Prix,2002-03-17,\N,https://en.wikipedia.org/wiki/2002_Malaysian_Grand_Prix
119,2002,3,interlagos,Brazilian Grand Prix,2002-03-31,\N,https://en.wikipedia.org/wiki/2002_Brazilian_Grand_Prix
120,2002,4,imola,San Marino Grand Prix,2002-04-14,\N,https://en.wikipedia.org/wiki/2002_San_Marino_Grand_Prix
121,2002,5,catalunya,Spanish Grand Prix,2002-04-28,\N,https://en.wikipedia.org/wiki/2002_Spanish_Grand_Prix
122,2002,6,red_bull_ring,Austrian Grand Prix,2002-05-12,\N,https://en.wikipedia.org/wiki/2002_Austrian_Grand_Prix
123,2002,7,monaco,Monaco Grand Prix,2002-05-26,\N,https://en.wikipedia.org/wiki/2002_Monaco_Grand_Prix
124,2002,8,villeneuve,Canadian Grand Prix,2002-06-09,\N,https://en.wikipedia.org/wiki/2002_Canadian_Grand_Prix
125,2002,9,nurburgring,European Grand Prix,2002-06-23,\N,https://en.wikipedia.org/wiki/2002_European_Grand_Prix
126,2002,10,silverstone,British Grand Prix,2002-07-07,\N,https://en.wikipedia.org/wiki/2002_British_Grand_Prix
127,2002,11,magny_cours,French Grand Prix,2002-07-21,\N,https://en.wikipedia.org/wiki/2002_French_Grand_Prix
128,2002,12,hockenheimring,German Grand Prix,2002-07-28,\N,https://en.wikipedia.org/wiki/2002_German_Grand_Prix
129,2002,13,hungaroring,Hungarian Grand Prix,2002-08-18,\N,https://en.wikipedia.org/wiki/2002_Hungarian_Grand_Prix
130,2002,14,spa,Belgian Grand Prix,2002-09-01,\N,https://en.wikipedia.org/wiki/2002_Belgian_Grand_Prix
131,2002,15,monza,Italian Grand Prix,2002-09-15,\N,https://en.wikipedia.org/wiki/2002_Italian_Grand_Prix
132,2002,16,indianapolis,United States Grand Prix,2002-09-29,\N,https://en.wikipedia.org/wiki/2002_United_States_Grand_Prix
133,2002,17,suzuka,Japanese Grand Prix,2002-10-13,\N,https://en.wikipedia.org/wiki/2002_Japanese_Grand_Prix
134,2003,1,albert_park,Australian Grand Prix,2003-03-09,\N,https://en.wikipedia.org/wiki/2003_Australian_Grand_Prix
135,2003,2,sepang,Malaysian Grand Prix,2003-03-23,\N,https://en.wikipedia.org/wiki/2003_Malaysian_Grand_Prix
136,2003,3,interlagos,Brazilian Grand Prix,2003-04-06,\N,https://en.wikipedia.org/wiki/2003_Brazilian_Grand_Prix
137,2003,4,imola,San Marino Grand Prix,2003-04-20,\N,https://en.wikipedia.org/wiki/2003_San_Marino_Grand_Prix
138,2003,5,catalunya,Spanish Grand Prix,2003-05-04,\N,https://en.wikipedia.org/wiki/2003_Spanish_Grand_Prix
139,2003,6,red_bull_ring,Austrian Grand Prix,2003-05-18,\N,https://en.wikipedia.org/wiki/2003_Austrian_Grand_Prix
140,2003,7,monaco,Monaco Grand Prix,2003-06-01,\N,https://en.wikipedia.org/wiki/2003_Monaco_Grand_Prix
141,2003,8,villeneuve,Canadian Grand Prix,2003-06-15,\N,https://en.wikipedia.org/wiki/2003_Canadian_Grand_Prix
142,2003,9,nurburgring,European Grand Prix,2003-06-29,\N,https://en.wikipedia.org/wiki/2003_European_Grand_Prix
143,2003,10,magny_cours,French Grand Prix,2003-07-06,\N,https://en.wikipedia.org/wiki/2003_French_Grand_Prix
144,2003,11,silverstone,British Grand Prix,2003-07-20,\N,https://en.wikipedia.org/wiki/2003_British_Grand_Prix
145,2003,12,hockenheimring,German Grand Prix,2003-08-03,\N,https://en.wikipedia.org/wiki/2003_German_Grand_Prix
146,2003,13,hungaroring,Hungarian Grand Prix,2003-08-24,\N,https://en.wikipedia.org/wiki/2003_Hungarian_Grand_Prix
147,2003,14,monza,Italian Grand Prix,2003-09-14,\N,https://en.wikipedia.org/wiki/2003_Italian_Grand_Prix
148,2003,15,indianapolis,United States Grand Prix,2003-09-28,\N,https://en.wikipedia.org/wiki/2003_United_States_Grand_Prix
149,2003,16,suzuka,Japanese Grand Prix,2003-10-12,\N,https://en.wikipedia.org/wiki/2003_Japanese_Grand_Prix
150,2004,1,albert_park,Australian Grand Prix,2004-03-07,\N,https://en.wikipedia.org/wiki/2004_Australian_Grand_Prix
151,2004,2,sepang,Malaysian Grand Prix,2004-03-21,\N,https://en.wikipedia.org/wiki/2004_Malaysian_Grand_Prix
152,2004,3,bahrain,Bahrain Grand Prix,2004-04-04,\N,https://en.wikipedia.org/wiki/2004_Bahrain_Grand_Prix
153,2004,4,imola,San Marino Grand Prix,2004-04-25,\N,https://en.wikipedia.org/wiki/2004_San_Marino_Grand_Prix
154,2004,5,catalunya,Spanish Grand Prix,2004-05-09,\N,https://en.wikipedia.org/wiki/2004_Spanish_Grand_Prix
155,2004,6,monaco,Monaco Grand Prix,2004-05-23,\N,https://en.wikipedia.org/wiki/2004_Monaco_Grand_Prix
156,2004,7,nurburgring,European Grand Prix,2004-05-30,\N,https://en.wikipedia.org/wiki/2004_European_Grand_Prix
157,2004,8,villeneuve,Canadian Grand Prix,2004-06-13,\N,https://en.wikipedia.org/wiki/2004_Canadian_Grand_Prix
158,2004,9,indianapolis,United States Grand Prix,2004-06-20,\N,https://en.wikipedia.org/wiki/2004_United_States_Grand_Prix
159,2004,10,magny_cours,French Grand Prix,2004-07-04,\N,https://en.wikipedia.org/wiki/2004_French_Grand_Prix
160,2004,11,silverstone,British Grand Prix,2004-07-11,\N,https://en.wikipedia.org/wiki/2004_British_Grand_Prix
161,2004,12,hockenheimring,German Grand Prix,2004-07-25,\N,https://en.wikipedia.org/wiki/2004_German_Grand_Prix
162,2004,13,hungaroring,Hungarian Grand Prix,2004-08-15,\N,https://en.wikipedia.org/wiki/2004_Hungarian_Grand_Prix
163,2004,14,spa,Belgian Grand Prix,2004-08-29,\N,https://en.wikipedia.org/wiki/2004_Belgian_Grand_Prix
164,2004,15,monza,Italian Grand Prix,2004-09-12,\N,https://en.wikipedia.org/wiki/2004_Italian_Grand_Prix
165,2004,16,shanghai,Chinese Grand Prix,2004-09-26,\N,https://en.wikipedia.org/wiki/2004_Chinese_Grand_Prix
166,2004,17,suzuka,Japanese Grand Prix,2004-10-10,\N,https://en.wikipedia.org/wiki/2004_Japanese_Grand_Prix
167,2004,18,interlagos,Brazilian Grand Prix,2004-10-24,\N,https://en.wikipedia.org/wiki/2004_Brazilian_Grand_Prix
168,2005,1,albert_park,Australian Grand Prix,2005-03-06,14:00:00Z,https://en.wikipedia.org/wiki/2005_Australian_Grand_Prix
169,2005,2,sepang,Malaysian Grand Prix,2005-03-20,15:00:00Z,https://en.wikipedia.org/wiki/2005_Malaysian_Grand_Prix
170,2005,3,bahrain,Bahrain Grand Prix,2005-04-03,14:30:00Z,https://en.wikipedia.org/wiki/2005_Bahrain_Grand_Prix
171,2005,4,imola,San Marino Grand Prix,2005-04-24,14:00:00Z,https://en.wikipedia.org/wiki/2005_San_Marino_Grand_Prix
172,2005,5,catalunya,Spanish Grand Prix,2005-05-08,14:00:00Z,https://en.wikipedia.org/wiki/2005_Spanish_Grand_Prix
173,2005,6,monaco,Monaco Grand Prix,2005-05-22,14:00:00Z,https://en.wikipedia.org/wiki/2005_Monaco_Grand_Prix
174,2005,7,nurburgring,European Grand Prix,2005-05-29,14:00:00Z,https://en.wikipedia.org/wiki/2005_European_Grand_Prix
175,2005,8,villeneuve,Canadian Grand Prix,2005-06-12,13:00:00Z,https://en.wikipedia.org/wiki/2005_Canadian_Grand_Prix
176,2005,9,indianapolis,United States Grand Prix,2005-06-19,14:00:00Z,https://en.wikipedia.org/wiki/2005_United_States_Grand_Prix
177,2005,10,magny_cours,French Grand Prix,2005-07-03,14:00:00Z,https://en.wikipedia.org/wiki/2005_French_Grand_Prix
178,2005,11,silverstone,British Grand Prix,2005-07-10,14:00:00Z,https://en.wikipedia.org/wiki/2005_British_Grand_Prix
179,2005,12,hockenheimring,German Grand Prix,2005-07-24,14:00:00Z,https://en.wikipedia.org/wiki/2005_German_Grand_Prix
180,2005,13,hungaroring,Hungarian Grand Prix,2005-07-31,14:00:00Z,https://en.wikipedia.org/wiki/2005_Hungarian_Grand_Prix
181,2005,14,istanbul,Turkish Grand Prix,2005-08-21,15:00:00Z,https://en.wikipedia.org/wiki/2005_Turkish_Grand_Prix
182,2005,15,monza,Italian Grand Prix,2005-09-04,14:00:00Z,https://en.wikipedia.org/wiki/2005_Italian_Grand_Prix
183,2005,16,spa,Belgian Grand Prix,2005-09-11,14:00:00Z,https://en.wikipedia.org/wiki/2005_Belgian_Grand_Prix
184,2005,17,interlagos,Brazilian Grand Prix,2005-09-25,14:00:00Z,https://en.wikipedia.org/wiki/2005_Brazilian_Grand_Prix
185,2005,18,suzuka,Japanese Grand Prix,2005-10-09,14:00:00Z,https://en.wikipedia.org/wiki/2005_Japanese_Grand_Prix
186,2005,19,shanghai,Chinese Grand Prix,2005-10-16,14:00:00Z,https://en.wikipedia.org/wiki/2005_Chinese_Grand_Prix
187,2006,1,bahrain,Bahrain Grand Prix,2006-03-12,14:30:00Z,https://en.wikipedia.org/wiki/2006_Bahrain_Grand_Prix
188,2006,2,sepang,Malaysian Grand Prix,2006-03-19,15:00:00Z,https://en.wikipedia.org/wiki/2006_Malaysian_Grand_Prix
189,2006,3,albert_park,Australian Grand Prix,2006-04-02,14:00:00Z,https://en.wikipedia.org/wiki/2006_Australian_Grand_Prix
190,2006,4,imola,San Marino Grand Prix,2006-04-23,14:00:00Z,https://en.wikipedia.org/wiki/2006_San_Marino_Grand_Prix
191,2006,5,nurburgring,European Grand Prix,2006-05-07,14:00:00Z,https://en.wikipedia.org/wiki/2006_European_Grand_Prix
192,2006,6,catalunya,Spanish Grand Prix,2006-05-14,14:00:00Z,https://en.wikipedia.org/wiki/2006_Spanish_Grand_Prix
193,2006,7,monaco,Monaco Grand Prix,2006-05-28,14:00:00Z,https://en.wikipedia.org/wiki/2006_Monaco_Grand_Prix
194,2006,8,silverstone,British Grand Prix,2006-06-11,12:00:00Z,https://en.wikipedia.org/wiki/2006_British_Grand_Prix
195,2006,9,villeneuve,Canadian Grand Prix,2006-06-25,13:00:00Z,https://en.wikipedia.org/wiki/2006_Canadian_Grand_Prix
196,2006,10,indianapolis,United States Grand Prix,2006-07-02,14:00:00Z,https://en.wikipedia.org/wiki/2006_United_States_Grand_Prix
197,2006,11,magny_cours,French Grand Prix,2006-07-16,14:00:00Z,https://en.wikipedia.org/wiki/2006_French_Grand_Prix
198,2006,12,hockenheimring,German Grand Prix,2006-07-30,14:00:00Z,https://en.wikipedia.org/wiki/2006_German_Grand_Prix
199,2006,13,hungaroring,Hungarian Grand Prix,2006-08-06,14:00:00Z,https://en.wikipedia.org/wiki/2006_Hungarian_Grand_Prix
200,2006,14,istanbul,Turkish Grand Prix,2006-08-27,15:00:00Z,https://en.wikipedia.org/wiki/2006_Turkish_Grand_Prix
201,2006,15,monza,Italian Grand Prix,2006-09-10,14:00:00Z,https://en.wikipedia.org/wiki/2006_Italian_Grand_Prix
202,2006,16,shanghai,Chinese Grand Prix,2006-10-01,14:00:00Z,https://en.wikipedia.org/wiki/2006_Chinese_Grand_Prix
203,2006,17,suzuka,Japanese Grand Prix,2006-10-08,14:00:00Z,https://en.wikipedia.org/wiki/2006_Japanese_Grand_Prix
204,2006,18,interlagos,Brazilian Grand Prix,2006-10-22,14:00:00Z,https://en.wikipedia.org/wiki/2006_Brazilian_Grand_Prix
205,2007,1,albert_park,Australian Grand Prix,2007-03-18,03:00:00Z,https://en.wikipedia.org/wiki/2007_Australian_Grand_Prix
206,2007,2,sepang,Malaysian Grand Prix,2007-04-08,07:00:00Z,https://en.wikipedia.org/wiki/2007_Malaysian_Grand_Prix
207,2007,3,bahrain,Bahrain Grand Prix,2007-04-15,11:30:00Z,https://en.wikipedia.org/wiki/2007_Bahrain_Grand_Prix
208,2007,4,catalunya,Spanish Grand Prix,2007-05-13,12:00:00Z,https://en.wikipedia.org/wiki/2007_Spanish_Grand_Prix
209,2007,5,monaco,Monaco Grand Prix,2007-05-27,12:00:00Z,https://en.wikipedia.org/wiki/2007_Monaco_Grand_Prix
210,2007,6,villeneuve,Canadian Grand Prix,2007-06-10,17:00:00Z,https://en.wikipedia.org/wiki/2007_Canadian_Grand_Prix
211,2007,7,indianapolis,United States Grand Prix,2007-06-17,17:00:00Z,https://en.wikipedia.org/wiki/2007_United_States_Grand_Prix
212,2007,8,magny_cours,French Grand Prix,2007-07-01,12:00:00Z,https://en.wikipedia.org/wiki/2007_French_Grand_Prix
213,2007,9,silverstone,British Grand Prix,2007-07-08,12:00:00Z,https://en.wikipedia.org/wiki/2007_British_Grand_Prix
214,2007,10,nurburgring,European Grand Prix,2007-07-22,12:00:00Z,https://en.wikipedia.org/wiki/2007_European_Grand_Prix
215,2007,11,hungaroring,Hungarian Grand Prix,2007-08-05,12:00:00Z,https://en.wikipedia.org/wiki/2007_Hungarian_Grand_Prix
216,2007,12,istanbul,Turkish Grand Prix,2007-08-26,12:00:00Z,https://en.wikipedia.org/wiki/2007_Turkish_Grand_Prix
217,2007,13,monza,Italian Grand Prix,2007-09-09,12:00:00Z,https://en.wikipedia.org/wiki/2007_Italian_Grand_Prix
218,2007,14,spa,Belgian Grand Prix,2007-09-16,12:00:00Z,https://en.wikipedia.org/wiki/2007_Belgian_Grand_Prix
219,2007,15,fuji,Japanese Grand Prix,2007-09-30,04:30:00Z,https://en.wikipedia.org/wiki/2007_Japanese_Grand_Prix
220,2007,16,shanghai,Chinese Grand Prix,2007-10-07,06:00:00Z,https://en.wikipedia.org/wiki/2007_Chinese_Grand_Prix
221,2007,17,interlagos,Brazilian Grand Prix,2007-10-21,16:00:00Z,https://en.wikipedia.org/wiki/2007_Brazilian_Grand_Prix
222,2008,1,albert_park,Australian Grand Prix,2008-03-16,04:30:00Z,https://en.wikipedia.org/wiki/2008_Australian_Grand_Prix
223,2008,2,sepang,Malaysian Grand Prix,2008-03-23,07:00:00Z,https://en.wikipedia.org/wiki/2008_Malaysian_Grand_Prix
224,2008,3,bahrain,Bahrain Grand Prix,2008-04-06,11:30:00Z,https://en.wikipedia.org/wiki/2008_Bahrain_Grand_Prix
225,2008,4,catalunya,Spanish Grand Prix,2008-04-27,12:00:00Z,https://en.wikipedia.org/wiki/2008_Spanish_Grand_Prix
226,2008,5,istanbul,Turkish Grand Prix,2008-05-11,12:00:00Z,https://en.wikipedia.org/wiki/2008_Turkish_Grand_Prix
227,2008,6,monaco,Monaco Grand Prix,2008-05-25,12:00:00Z,https://en.wikipedia.org/wiki/2008_Monaco_Grand_Prix
228,2008,7,villeneuve,Canadian Grand Prix,2008-06-08,17:00:00Z,https://en.wikipedia.org/wiki/2008_Canadian_Grand_Prix
229,2008,8,magny_cours,French Grand Prix,2008-06-22,12:00:00Z,https://en.wikipedia.org/wiki/2008_French_Grand_Prix
230,2008,9,silverstone,British Grand Prix,2008-07-06,12:00:00Z,https://en.wikipedia.org/wiki/2008_British_Grand_Prix
231,2008,10,hockenheimring,German Grand Prix,2008-07-20,12:00:00Z,https://en.wikipedia.org/wiki/2008_German_Grand_Prix
232,2008,11,hungaroring,Hungarian Grand Prix,2008-08-03,12:00:00Z,https://en.wikipedia.org/wiki/2008_Hungarian_Grand_Prix
233,2008,12,valencia,European Grand Prix,2008-08-24,12:00:00Z,https://en.wikipedia.org/wiki/2008_European_Grand_Prix
234,2008,13,spa,Belgian Grand Prix,2008-09-07,12:00:00Z,https://en.wikipedia.org/wiki/2008_Belgian_Grand_Prix
235,2008,14,monza,Italian Grand Prix,2008-09-14,12:00:00Z,https://en.wikipedia.org/wiki/2008_Italian_Grand_Prix
236,2008,15,marina_bay,Singapore Grand Prix,2008-09-28,12:00:00Z,https://en.wikipedia.org/wiki/2008_Singapore_Grand_Prix
237,2008,16,fuji,Japanese Grand Prix,2008-10-12,04:30:00Z,https://en.wikipedia.org/wiki/2008_Japanese_Grand_Prix
238,2008,17,shanghai,Chinese Grand Prix,2008-10-19,07:00:00Z,https://en.wikipedia.org/wiki/2008_Chinese_Grand_Prix
239,2008,18,interlagos,Brazilian Grand Prix,2008-11-02,17:00:00Z,https://en.wikipedia.org/wiki/2008_Brazilian_Grand_Prix
240,2009,1,albert_park,Australian Grand Prix,2009-03-29,06:00:00Z,https://en.wikipedia.org/wiki/2009_Australian_Grand_Prix
241,2009,2,sepang,Malaysian Grand Prix,2009-04-05,09:00:00Z,https://en.wikipedia.org/wiki/2009_Malaysian_Grand_Prix
242,2009,3,shanghai,Chinese Grand Prix,2009-04-19,07:00:00Z,https://en.wikipedia.org/wiki/2009_Chinese_Grand_Prix
243,2009,4,bahrain,Bahrain Grand Prix,2009-04-26,12:00:00Z,https://en.wikipedia.org/wiki/2009_Bahrain_Grand_Prix
244,2009,5,catalunya,Spanish Grand Prix,2009-05-10,12:00:00Z,https://en.wikipedia.org/wiki/2009_Spanish_Grand_Prix
245,2009,6,monaco,Monaco Grand Prix,2009-05-24,12:00:00Z,https://en.wikipedia.org/wiki/2009_Monaco_Grand_Prix
246,2009,7,istanbul,Turkish Grand Prix,2009-06-07,12:00:00Z,https://en.wikipedia.org/wiki/2009_Turkish_Grand_Prix
247,2009,8,silverstone,British Grand Prix,2009-06-21,12:00:00Z,https://en.wikipedia.org/wiki/2009_British_Grand_Prix
248,2009,9,nurburgring,German Grand Prix,2009-07-12,12:00:00Z,https://en.wikipedia.org/wiki/2009_German_Grand_Prix
249,2009,10,hungaroring,Hungarian Grand Prix,2009-07-26,12:00:00Z,https://en.wikipedia.org/wiki/2009_Hungarian_Grand_Prix
250,2009,11,valencia,European Grand Prix,2009-08-23,12:00:00Z,https://en.wikipedia.org/wiki/2009_European_Grand_Prix
251,2009,12,spa,Belgian Grand Prix,2009-08-30,12:00:00Z,https://en.wikipedia.org/wiki/2009_Belgian_Grand_Prix
252,2009,13,monza,Italian Grand Prix,2009-09-13,12:00:00Z,https://en.wikipedia.org/wiki/2009_Italian_Grand_Prix
253,2009,14,marina_bay,Singapore Grand Prix,2009-09-27,12:00:00Z,https://en.wikipedia.org/wiki/2009_Singapore_Grand_Prix
254,2009,15,suzuka,Japanese Grand Prix,2009-10-04,05:00:00Z,https://en.wikipedia.org/wiki/2009_Japanese_Grand_Prix
255,2009,16,interlagos,Brazilian Grand Prix,2009-10-18,16:00:00Z,https://en.wikipedia.org/wiki/2009_Brazilian_Grand_Prix
256,2009,17,yas_marina,Abu Dhabi Grand Prix,2009-11-01,11:00:00Z,https://en.wikipedia.org/wiki/2009_Abu_Dhabi_Grand_Prix
257,2010,1,bahrain,Bahrain Grand Prix,2010-03-14,12:00:00Z,https://en.wikipedia.org/wiki/2010_Bahrain_Grand_Prix
258,2010,2,albert_park,Australian Grand Prix,2010-03-28,06:00:00Z,https://en.wikipedia.org/wiki/2010_Australian_Grand_Prix
259,2010,3,sepang,Malaysian Grand Prix,2010-04-04,08:00:00Z,https://en.wikipedia.org/wiki/2010_Malaysian_Grand_Prix
260,2010,4,shanghai,Chinese Grand Prix,2010-04-18,06:00:00Z,https://en.wikipedia.org/wiki/2010_Chinese_Grand_Prix
261,2010,5,catalunya,Spanish Grand Prix,2010-05-09,12:00:00Z,https://en.wikipedia.org/wiki/2010_Spanish_Grand_Prix
262,2010,6,monaco,Monaco Grand Prix,2010-05-16,12:00:00Z,https://en.wikipedia.org/wiki/2010_Monaco_Grand_Prix
263,2010,7,istanbul,Turkish Grand Prix,2010-05-30,11:00:00Z,https://en.wikipedia.org/wiki/2010_Turkish_Grand_Prix
264,2010,8,villeneuve,Canadian Grand Prix,2010-06-13,16:00:00Z,https://en.wikipedia.org/wiki/2010_Canadian_Grand_Prix
265,2010,9,valencia,European Grand Prix,2010-06-27,12:00:00Z,https://en.wikipedia.org/wiki/2010_European_Grand_Prix
266,2010,10,silverstone,British Grand Prix,2010-07-11,12:00:00Z,https://en.wikipedia.org/wiki/2010_British_Grand_Prix
267,2010,11,hockenheimring,German Grand Prix,2010-07-25,12:00:00Z,https://en.wikipedia.org/wiki/2010_German_Grand_Prix
268,2010,12,hungaroring,Hungarian Grand Prix,2010-08-01,12:00:00Z,https://en.wikipedia.org/wiki/2010_Hungarian_Grand_Prix
269,2010,13,spa,Belgian Grand Prix,2010-08-29,12:00:00Z,https://en.wikipedia.org/wiki/2010_Belgian_Grand_Prix
270,2010,14,monza,Italian Grand Prix,2010-09-12,12:00:00Z,https://en.wikipedia.org/wiki/2010_Italian_Grand_Prix
271,2010,15,marina_bay,Singapore Grand Prix,2010-09-26,12:00:00Z,https://en.wikipedia.org/wiki/2010_Singapore_Grand_Prix
272,2010,16,suzuka,Japanese Grand Prix,2010-10-10,06:00:00Z,https://en.wikipedia.org/wiki/2010_Japanese_Grand_Prix
273,2010,17,yeongam,Korean Grand Prix,2010-10-24,05:00:00Z,https://en.wikipedia.org/wiki/2010_Korean_Grand_Prix
274,2010,18,interlagos,Brazilian Grand Prix,2010-11-07,16:00:00Z,https://en.wikipedia.org/wiki/2010_Brazilian_Grand_Prix
275,2010,19,yas_marina,Abu Dhabi Grand Prix,2010-11-14,13:00:00Z,https://en.wikipedia.org/wiki/2010_Abu_Dhabi_Grand_Prix
276,2011,1,albert_park,Australian Grand Prix,2011-03-27,06:00:00Z,https://en.wikipedia.org/wiki/2011_Australian_Grand_Prix
277,2011,2,sepang,Malaysian Grand Prix,2011-04-10,08:00:00Z,https://en.wikipedia.org/wiki/2011_Malaysian_Grand_Prix
278,2011,3,shanghai,Chinese Grand Prix,2011-04-17,07:00:00Z,https://en.wikipedia.org/wiki/2011_Chinese_Grand_Prix
279,2011,4,istanbul,Turkish Grand Prix,2011-05-08,12:00:00Z,https://en.wikipedia.org/wiki/2011_Turkish_Grand_Prix
280,2011,5,catalunya,Spanish Grand Prix,2011-05-22,12:00:00Z,https://en.wikipedia.org/wiki/2011_Spanish_Grand_Prix
281,2011,6,monaco,Monaco Grand Prix,2011-05-29,12:00:00Z,https://en.wikipedia.org/wiki/2011_Monaco_Grand_Prix
282,2011,7,villeneuve,Canadian Grand Prix,2011-06-12,17:00:00Z,https://en.wikipedia.org/wiki/2011_Canadian_Grand_Prix
283,2011,8,valencia,European Grand Prix,2011-06-26,12:00:00Z,https://en.wikipedia.org/wiki/2011_European_Grand_Prix
284,2011,9,silverstone,British Grand Prix,2011-07-10,12:00:00Z,https://en.wikipedia.org/wiki/2011_British_Grand_Prix
285,2011,10,nurburgring,German Grand Prix,2011-07-24,12:00:00Z,https://en.wikipedia.org/wiki/2011_German_Grand_Prix
286,2011,11,hungaroring,Hungarian Grand Prix,2011-07-31,12:00:00Z,https://en.wikipedia.org/wiki/2011_Hungarian_Grand_Prix
287,2011,12,spa,Belgian Grand Prix,2011-08-28,12:00:00Z,https://en.wikipedia.org/wiki/2011_Belgian_Grand_Prix
288,2011,13,monza,Italian Grand Prix,2011-09-11,12:00:00Z,https://en.wikipedia.org/wiki/2011_Italian_Grand_Prix
289,2011,14,marina_bay,Singapore Grand Prix,2011-09-25,12:00:00Z,https://en.wikipedia.org/wiki/2011_Singapore_Grand_Prix
290,2011,15,suzuka,Japanese Grand Prix,2011-10-09,06:00:00Z,https://en.wikipedia.org/wiki/2011_Japanese_Grand_Prix
291,2011,16,yeongam,Korean Grand Prix,2011-10-16,06:00:00Z,https://en.wikipedia.org/wiki/2011_Korean_Grand_Prix
292,2011,17,buddh,Indian Grand Prix,2011-10-30,09:30:00Z,https://en.wikipedia.org/wiki/2011_Indian_Grand_Prix
293,2011,18,yas_marina,Abu Dhabi Grand Prix,2011-11-13,13:00:00Z,https://en.wikipedia.org/wiki/2011_Abu_Dhabi_Grand_Prix
294,2011,19,interlagos,Brazilian Grand Prix,2011-11-27,16:00:00Z,https://en.wikipedia.org/wiki/2011_Brazilian_Grand_Prix
295,2012,1,albert_park,Australian Grand Prix,2012-03-18,06:00:00Z,https://en.wikipedia.org/wiki/2012_Australian_Grand_Prix
296,2012,2,sepang,Malaysian Grand Prix,2012-03-25,08:00:00Z,https://en.wikipedia.org/wiki/2012_Malaysian_Grand_Prix
297,2012,3,shanghai,Chinese Grand Prix,2012-04-15,07:00:00Z,https://en.wikipedia.org/wiki/2012_Chinese_Grand_Prix
298,2012,4,bahrain,Bahrain Grand Prix,2012-04-22,12:00:00Z,https://en.wikipedia.org/wiki/2012_Bahrain_Grand_Prix
299,2012,5,catalunya,Spanish Grand Prix,2012-05-13,12:00:00Z,https://en.wikipedia.org/wiki/2012_Spanish_Grand_Prix
300,2012,6,monaco,Monaco Grand Prix,2012-05-27,12:00:00Z,https://en.wikipedia.org/wiki/2012_Monaco_Grand_Prix
301,2012,7,villeneuve,Canadian Grand Prix,2012-06-10,18:00:00Z,https://en.wikipedia.org/wiki/2012_Canadian_Grand_Prix
302,2012,8,valencia,European Grand Prix,2012-06-24,12:00:00Z,https://en.wikipedia.org/wiki/2012_European_Grand_Prix
303,2012,9,silverstone,British Grand Prix,2012-07-08,12:00:00Z,https://en.wikipedia.org/wiki/2012_British_Grand_Prix
304,2012,10,hockenheimring,German Grand Prix,2012-07-22,12:00:00Z,https://en.wikipedia.org/wiki/2012_German_Grand_Prix
305,2012,11,hungaroring,Hungarian Grand Prix,2012-07-29,12:00:00Z,https://en.wikipedia.org/wiki/2012_Hungarian_Grand_Prix
306,2012,12,spa,Belgian Grand Prix,2012-09-02,12:00:00Z,https://en.wikipedia.org/wiki/2012_Belgian_Grand_Prix
307,2012,13,monza,Italian Grand Prix,2012-09-09,12:00:00Z,https://en.wikipedia.org/wiki/2012_Italian_Grand_Prix
308,2012,14,marina_bay,Singapore Grand Prix,2012-09-23,12:00:00Z,https://en.wikipedia.org/wiki/2012_Singapore_Grand_Prix
309,2012,15,suzuka,Japanese Grand Prix,2012-10-07,06:00:00Z,https://en.wikipedia.org/wiki/2012_Japanese_Grand_Prix
310,2012,16,yeongam,Korean Grand Prix,2012-10-14,06:00:00Z,https://en.wikipedia.org/wiki/2012_Korean_Grand_Prix
311,2012,17,buddh,Indian Grand Prix,2012-10-28,09:30:00Z,https://en.wikipedia.org/wiki/2012_Indian_Grand_Prix
312,2012,18,yas_marina,Abu Dhabi Grand Prix,2012-11-04,13:00:00Z,https://en.wikipedia.org/wiki/2012_Abu_Dhabi_Grand_Prix
313,2012,19,americas,United States Grand Prix,2012-11-18,19:00:00Z,https://en.wikipedia.org/wiki/2012_United_States_Grand_Prix
314,2012,20,interlagos,Brazilian Grand Prix,2012-11-25,16:00:00Z,https://en.wikipedia.org/wiki/2012_Brazilian_Grand_Prix
315,2013,1,albert_park,Australian Grand Prix,2013-03-17,06:00:00Z,https://en.wikipedia.org/wiki/2013_Australian_Grand_Prix
316,2013,2,sepang,Malaysian Grand Prix,2013-03-24,08:00:00Z,https://en.wikipedia.org/wiki/2013_Malaysian_Grand_Prix
317,2013,3,shanghai,Chinese Grand Prix,2013-04-14,07:00:00Z,https://en.wikipedia.org/wiki/2013_Chinese_Grand_Prix
318,2013,4,bahrain,Bahrain Grand Prix,2013-04-21,12:00:00Z,https://en.wikipedia.org/wiki/2013_Bahrain_Grand_Prix
319,2013,5,catalunya,Spanish Grand Prix,2013-05-12,12:00:00Z,https://en.wikipedia.org/wiki/2013_Spanish_Grand_Prix
320,2013,6,monaco,Monaco Grand Prix,2013-05-26,12:00:00Z,https://en.wikipedia.org/wiki/2013_Monaco_Grand_Prix
321,2013,7,villeneuve,Canadian Grand Prix,2013-06-09,18:00:00Z,https://en.wikipedia.org/wiki/2013_Canadian_Grand_Prix
322,2013,8,silverstone,British Grand Prix,2013-06-30,12:00:00Z,https://en.wikipedia.org/wiki/2013_British_Grand_Prix
323,2013,9,nurburgring,German Grand Prix,2013-07-07,12:00:00Z,https://en.wikipedia.org/wiki/2013_German_Grand_Prix
324,2013,10,hungaroring,Hungarian Grand Prix,2013-07-28,12:00:00Z,https://en.wikipedia.org/wiki/2013_Hungarian_Grand_Prix
325,2013,11,spa,Belgian Grand Prix,2013-08-25,12:00:00Z,https://en.wikipedia.org/wiki/2013_Belgian_Grand_Prix
326,2013,12,monza,Italian Grand Prix,2013-09-08,12:00:00Z,https://en.wikipedia.org/wiki/2013_Italian_Grand_Prix
327,2013,13,marina_bay,Singapore Grand Prix,2013-09-22,12:00:00Z,https://en.wikipedia.org/wiki/2013_Singapore_Grand_Prix
328,2013,14,yeongam,Korean Grand Prix,2013-10-06,06:00:00Z,https://en.wikipedia.org/wiki/2013_Korean_Grand_Prix
329,2013,15,suzuka,Japanese Grand Prix,2013-10-13,06:00:00Z,https://en.wikipedia.org/wiki/2013_Japanese_Grand_Prix
330,2013,16,buddh,Indian Grand Prix,2013-10-27,09:30:00Z,https://en.wikipedia.org/wiki/2013_Indian_Grand_Prix
331,2013,17,yas_marina,Abu Dhabi Grand Prix,2013-11-03,13:00:00Z,https://en.wikipedia.org/wiki/2013_Abu_Dhabi_Grand_Prix
332,2013,18,americas,United States Grand Prix,2013-11-17,19:00:00Z,https://en.wikipedia.org/wiki/2013_United_States_Grand_Prix
333,2013,19,interlagos,Brazilian Grand Prix,2013-11-24,16:00:00Z,https://en.wikipedia.org/wiki/2013_Brazilian_Grand_Prix
334,2014,1,albert_park,Australian Grand Prix,2014-03-16,06:00:00Z,https://en.wikipedia.org/wiki/2014_Australian_Grand_Prix
335,2014,2,sepang,Malaysian Grand Prix,2014-03-30,08:00:00Z,https://en.wikipedia.org/wiki/2014_Malaysian_Grand_Prix
336,2014,3,bahrain,Bahrain Grand Prix,2014-04-06,15:00:00Z,https://en.wikipedia.org/wiki/2014_Bahrain_Grand_Prix
337,2014,4,shanghai,Chinese Grand Prix,2014-04-20,07:00:00Z,https://en.wikipedia.org/wiki/2014_Chinese_Grand_Prix
338,2014,5,catalunya,Spanish Grand Prix,2014-05-11,12:00:00Z,https://en.wikipedia.org/wiki/2014_Spanish_Grand_Prix
339,2014,6,monaco,Monaco Grand Prix,2014-05-25,12:00:00Z,https://en.wikipedia.org/wiki/2014_Monaco_Grand_Prix
340,2014,7,villeneuve,Canadian Grand Prix,2014-06-08,18:00:00Z,https://en.wikipedia.org/wiki/2014_Canadian_Grand_Prix
341,2014,8,red_bull_ring,Austrian Grand Prix,2014-06-22,12:00:00Z,https://en.wikipedia.org/wiki/2014_Austrian_Grand_Prix
342,2014,9,silverstone,British Grand Prix,2014-07-06,12:00:00Z,https://en.wikipedia.org/wiki/2014_British_Grand_Prix
343,2014,10,hockenheimring,German Grand Prix,2014-07-20,12:00:00Z,https://en.wikipedia.org/wiki/2014_German_Grand_Prix
344,2014,11,hungaroring,Hungarian Grand Prix,2014-07-27,12:00:00Z,https://en.wikipedia.org/wiki/2014_Hungarian_Grand_Prix
345,2014,12,spa,Belgian Grand Prix,2014-08-24,12:00:00Z,https://en.wikipedia.org/wiki/2014_Belgian_Grand_Prix
346,2014,13,monza,Italian Grand Prix,2014-09-07,12:00:00Z,https://en.wikipedia.org/wiki/2014_Italian_Grand_Prix
347,2014,14,marina_bay,Singapore Grand Prix,2014-09-21,12:00:00Z,https://en.wikipedia.org/wiki/2014_Singapore_Grand_Prix
348,2014,15,suzuka,Japanese Grand Prix,2014-10-05,06:00:00Z,https://en.wikipedia.org/wiki/2014_Japanese_Grand_Prix
349,2014,16,sochi,Russian Grand Prix,2014-10-12,11:00:00Z,https://en.wikipedia.org/wiki/2014_Russian_Grand_Prix
350,2014,17,americas,United States Grand Prix,2014-11-02,20:00:00Z,https://en.wikipedia.org/wiki/2014_United_States_Grand_Prix
351,2014,18,interlagos,Brazilian Grand Prix,2014-11-09,16:00:00Z,https://en.wikipedia.org/wiki/2014_Brazilian_Grand_Prix
352,2014,19,yas_marina,Abu Dhabi Grand Prix,2014-11-23,13:00:00Z,https://en.wikipedia.org/wiki/2014_Abu_Dhabi_Grand_Prix
353,2015,1,albert_park,Australian Grand Prix,2015-03-15,05:00:00Z,https://en.wikipedia.org/wiki/2015_Australian_Grand_Prix
354,2015,2,sepang,Malaysian Grand Prix,2015-03-29,07:00:00Z,https://en.wikipedia.org/wiki/2015_Malaysian_Grand_Prix
355,2015,3,shanghai,Chinese Grand Prix,2015-04-12,06:00:00Z,https://en.wikipedia.org/wiki/2015_Chinese_Grand_Prix
356,2015,4,bahrain,Bahrain Grand Prix,2015-04-19,15:00:00Z,https://en.wikipedia.org/wiki/2015_Bahrain_Grand_Prix
357,2015,5,catalunya,Spanish Grand Prix,2015-05-10,12:00:00Z,https://en.wikipedia.org/wiki/2015_Spanish_Grand_Prix
358,2015,6,monaco,Monaco Grand Prix,2015-05-24,12:00:00Z,https://en.wikipedia.org/wiki/2015_Monaco_Grand_Prix
359,2015,7,villeneuve,Canadian Grand Prix,2015-06-07,18:00:00Z,https://en.wikipedia.org/wiki/2015_Canadian_Grand_Prix
360,2015,8,red_bull_ring,Austrian Grand Prix,2015-06-21,12:00:00Z,https://en.wikipedia.org/wiki/2015_Austrian_Grand_Prix
361,2015,9,silverstone,British Grand Prix,2015-07-05,12:00:00Z,https://en.wikipedia.org/wiki/2015_British_Grand_Prix
362,2015,10,hungaroring,Hungarian Grand Prix,2015-07-26,12:00:00Z,https://en.wikipedia.org/wiki/2015_Hungarian_Grand_Prix
363,2015,11,spa,Belgian Grand Prix,2015-08-23,12:00:00Z,https://en.wikipedia.org/wiki/2015_Belgian_Grand_Prix
364,2015,12,monza,Italian Grand Prix,2015-09-06,12:00:00Z,https://en.wikipedia.org/wiki/2015_Italian_Grand_Prix
365,2015,13,marina_bay,Singapore Grand Prix,2015-09-20,12:00:00Z,https://en.wikipedia.org/wiki/2015_Singapore_Grand_Prix
366,2015,14,suzuka,Japanese Grand Prix,2015-09-27,05:00:00Z,https://en.wikipedia.org/wiki/2015_Japanese_Grand_Prix
367,2015,15,sochi,Russian Grand Prix,2015-10-11,11:00:00Z,https://en.wikipedia.org/wiki/2015_Russian_Grand_Prix
368,2015,16,americas,United States Grand Prix,2015-10-25,19:00:00Z,https://en.wikipedia.org/wiki/2015_United_States_Grand_Prix
369,2015,17,rodriguez,Mexican Grand Prix,2015-11-01,19:00:00Z,https://en.wikipedia.org/wiki/2015_Mexican_Grand_Prix
370,2015,18,interlagos,Brazilian Grand Prix,2015-11-15,16:00:00Z,https://en.wikipedia.org/wiki/2015_Brazilian_Grand_Prix
371,2015,19,yas_marina,Abu Dhabi Grand Prix,2015-11-29,13:00:00Z,https://en.wikipedia.org/wiki/2015_Abu_Dhabi_Grand_Prix
372,2016,1,albert_park,Australian Grand Prix,2016-03-20,05:00:00Z,https://en.wikipedia.org/wiki/2016_Australian_Grand_Prix
373,2016,2,bahrain,Bahrain Grand Prix,2016-04-03,15:00:00Z,https://en.wikipedia.org/wiki/2016_Bahrain_Grand_Prix
374,2016,3,shanghai,Chinese Grand Prix,2016-04-17,06:00:00Z,https://en.wikipedia.org/wiki/2016_Chinese_Grand_Prix
375,2016,4,sochi,Russian Grand Prix,2016-05-01,12:00:00Z,https://en.wikipedia.org/wiki/2016_Russian_Grand_Prix
376,2016,5,catalunya,Spanish Grand Prix,2016-05-15,12:00:00Z,https://en.wikipedia.org/wiki/2016_Spanish_Grand_Prix
377,2016,6,monaco,Monaco Grand Prix,2016-05-29,12:00:00Z,https://en.wikipedia.org/wiki/2016_Monaco_Grand_Prix
378,2016,7,villeneuve,Canadian Grand Prix,2016-06-12,18:00:00Z,https://en.wikipedia.org/wiki/2016_Canadian_Grand_Prix
379,2016,8,baku,European Grand Prix,2016-06-19,13:00:00Z,https://en.wikipedia.org/wiki/2016_European_Grand_Prix
380,2016,9,red_bull_ring,Austrian Grand Prix,2016-07-03,12:00:00Z,https://en.wikipedia.org/wiki/2016_Austrian_Grand_Prix
381,2016,10,silverstone,British Grand Prix,2016-07-10,12:00:00Z,https://en.wikipedia.org/wiki/2016_British_Grand_Prix
382,2016,11,hungaroring,Hungarian Grand Prix,2016-07-24,12:00:00Z,https://en.wikipedia.org/wiki/2016_Hungarian_Grand_Prix
383,2016,12,hockenheimring,German Grand Prix,2016-07-31,12:00:00Z,https://en.wikipedia.org/wiki/2016_German_Grand_Prix
384,2016,13,spa,Belgian Grand Prix,2016-08-28,12:00:00Z,https://en.wikipedia.org/wiki/2016_Belgian_Grand_Prix
385,2016,14,monza,Italian Grand Prix,2016-09-04,12:00:00Z,https://en.wikipedia.org/wiki/2016_Italian_Grand_Prix
386,2016,15,marina_bay,Singapore Grand Prix,2016-09-18,12:00:00Z,https://en.wikipedia.org/wiki/2016_Singapore_Grand_Prix
387,2016,16,sepang,Malaysian Grand Prix,2016-10-02,07:00:00Z,https://en.wikipedia.org/wiki/2016_Malaysian_Grand_Prix
388,2016,17,suzuka,Japanese Grand Prix,2016-10-09,05:00:00Z,https://en.wikipedia.org/wiki/2016_Japanese_Grand_Prix
389,2016,18,americas,United States Grand Prix,2016-10-23,19:00:00Z,https://en.wikipedia.org/wiki/2016_United_States_Grand_Prix
390,2016,19,rodriguez,Mexican Grand Prix,2016-10-30,19:00:00Z,https://en.wikipedia.org/wiki/2016_Mexican_Grand_Prix
391,2016,20,interlagos,Brazilian Grand Prix,2016-11-13,16:00:00Z,https://en.wikipedia.org/wiki/2016_Brazilian_Grand_Prix
392,2016,21,yas_marina,Abu Dhabi Grand Prix,2016-11-27,13:00:00Z,https://en.wikipedia.org/wiki/2016_Abu_Dhabi_Grand_Prix
393,2017,1,albert_park,Australian Grand Prix,2017-03-26,05:00:00Z,https://en.wikipedia.org/wiki/2017_Australian_Grand_Prix
394,2017,2,shanghai,Chinese Grand Prix,2017-04-09,06:00:00Z,https://en.wikipedia.org/wiki/2017_Chinese_Grand_Prix
395,2017,3,bahrain,Bahrain Grand Prix,2017-04-16,15:00:00Z,https://en.wikipedia.org/wiki/2017_Bahrain_Grand_Prix
396,2017,4,sochi,Russian Grand Prix,2017-04-30,12:00:00Z,https://en.wikipedia.org/wiki/2017_Russian_Grand_Prix
397,2017,5,catalunya,Spanish Grand Prix,2017-05-14,12:00:00Z,https://en.wikipedia.org/wiki/2017_Spanish_Grand_Prix
398,2017,6,monaco,Monaco Grand Prix,2017-05-28,12:00:00Z,https://en.wikipedia.org/wiki/2017_Monaco_Grand_Prix
399,2017,7,villeneuve,Canadian Grand Prix,2017-06-11,18:00:00Z,https://en.wikipedia.org/wiki/2017_Canadian_Grand_Prix
400,2017,8,baku,Azerbaijan Grand Prix,2017-06-25,13:00:00Z,https://en.wikipedia.org/wiki/2017_Azerbaijan_Grand_Prix
401,2017,9,red_bull_ring,Austrian Grand Prix,2017-07-09,12:00:00Z,https://en.wikipedia.org/wiki/2017_Austrian_Grand_Prix
402,2017,10,silverstone,British Grand Prix,2017-07-16,12:00:00Z,https://en.wikipedia.org/wiki/2017_British_Grand_Prix
403,2017,11,hungaroring,Hungarian Grand Prix,2017-07-30,12:00:00Z,https://en.wikipedia.org/wiki/2017_Hungarian_Grand_Prix
404,2017,12,spa,Belgian Grand Prix,2017-08-27,12:00:00Z,https://en.wikipedia.org/wiki/2017_Belgian_Grand_Prix
405,2017,13,monza,Italian Grand Prix,2017-09-03,12:00:00Z,https://en.wikipedia.org/wiki/2017_Italian_Grand_Prix
406,2017,14,marina_bay,Singapore Grand Prix,2017-09-17,12:00:00Z,https://en.wikipedia.org/wiki/2017_Singapore_Grand_Prix
407,2017,15,sepang,Malaysian Grand Prix,2017-10-01,07:00:00Z,https://en.wikipedia.org/wiki/2017_Malaysian_Grand_Prix
408,2017,16,suzuka,Japanese Grand Prix,2017-10-08,05:00:00Z,https://en.wikipedia.org/wiki/2017_Japanese_Grand_Prix
409,2017,17,americas,United States Grand Prix,2017-10-22,19:00:00Z,https://en.wikipedia.org/wiki/2017_United_States_Grand_Prix
410,2017,18,rodriguez,Mexican Grand Prix,2017-10-29,19:00:00Z,https://en.wikipedia.org/wiki/2017_Mexican_Grand_Prix
411,2017,19,interlagos,Brazilian Grand Prix,2017-11-12,16:00:00Z,https://en.wikipedia.org/wiki/2017_Brazilian_Grand_Prix
412,2017,20,yas_marina,Abu Dhabi Grand Prix,2017-11-26,13:00:00Z,https://en.wikipedia.org/wiki/2017_Abu_Dhabi_Grand_Prix
413,2018,1,albert_park,Australian Grand Prix,2018-03-25,05:10:00Z,https://en.wikipedia.org/wiki/2018_Australian_Grand_Prix
414,2018,2,bahrain,Bahrain Grand Prix,2018-04-08,15:10:00Z,https://en.wikipedia.org/wiki/2018_Bahrain_Grand_Prix
415,2018,3,shanghai,Chinese Grand Prix,2018-04-15,06:10:00Z,https://en.wikipedia.org/wiki/2018_Chinese_Grand_Prix
416,2018,4,baku,Azerbaijan Grand Prix,2018-04-29,12:10:00Z,https://en.wikipedia.org/wiki/2018_Azerbaijan_Grand_Prix
417,2018,5,catalunya,Spanish Grand Prix,2018-05-13,13:10:00Z,https://en.wikipedia.org/wiki/2018_Spanish_Grand_Prix
418,2018,6,monaco,Monaco Grand Prix,2018-05-27,13:10:00Z,https://en.wikipedia.org/wiki/2018_Monaco_Grand_Prix
419,2018,7,villeneuve,Canadian Grand Prix,2018-06-10,18:10:00Z,https://en.wikipedia.org/wiki/2018_Canadian_Grand_Prix
420,2018,8,ricard,French Grand Prix,2018-06-24,14:10:00Z,https://en.wikipedia.org/wiki/2018_French_Grand_Prix
421,2018,9,red_bull_ring,Austrian Grand Prix,2018-07-01,13:10:00Z,https://en.wikipedia.org/wiki/2018_Austrian_Grand_Prix
422,2018,10,silverstone,British Grand Prix,2018-07-08,13:10:00Z,https://en.wikipedia.org/wiki/2018_British_Grand_Prix
423,2018,11,hockenheimring,German Grand Prix,2018-07-22,13:10:00Z,https://en.wikipedia.org/wiki/2018_German_Grand_Prix
424,2018,12,hungaroring,Hungarian Grand Prix,2018-07-29,13:10:00Z,https://en.wikipedia.org/wiki/2018_Hungarian_Grand_Prix
425,2018,13,spa,Belgian Grand Prix,2018-08-26,13:10:00Z,https://en.wikipedia.org/wiki/2018_Belgian_Grand_Prix
426,2018,14,monza,Italian Grand Prix,2018-09-02,13:10:00Z,https://en.wikipedia.org/wiki/2018_Italian_Grand_Prix
427,2018,15,marina_bay,Singapore Grand Prix,2018-09-16,12:10:00Z,https://en.wikipedia.org/wiki/2018_Singapore_Grand_Prix
428,2018,16,sochi,Russian Grand Prix,2018-09-30,11:10:00Z,https://en.wikipedia.org/wiki/2018_Russian_Grand_Prix
429,2018,17,suzuka,Japanese Grand Prix,2018-10-07,05:10:00Z,https://en.wikipedia.org/wiki/2018_Japanese_Grand_Prix
430,2018,18,americas,United States Grand Prix,2018-10-21,18:10:00Z,https://en.wikipedia.org/wiki/2018_United_States_Grand_Prix
431,2018,19,rodriguez,Mexican Grand Prix,2018-10-28,19:10:00Z,https://en.wikipedia.org/wiki/2018_Mexican_Grand_Prix
432,2018,20,interlagos,Brazilian Grand Prix,2018-11-11,17:10:00Z,https://en.wikipedia.org/wiki/2018_Brazilian_Grand_Prix
433,2018,21,yas_marina,Abu Dhabi Grand Prix,2018-11-25,13:10:00Z,https://en.wikipedia.org/wiki/2018_Abu_Dhabi_Grand_Prix
434,2019,1,albert_park,Australian Grand Prix,2019-03-17,05:10:00Z,https://en.wikipedia.org/wiki/2019_Australian_Grand_Prix
435,2019,2,bahrain,Bahrain Grand Prix,2019-03-31,15:10:00Z,https://en.wikipedia.org/wiki/2019_Bahrain_Grand_Prix
436,2019,3,shanghai,Chinese Grand Prix,2019-04-14,06:10:00Z,https://en.wikipedia.org/wiki/2019_Chinese_Grand_Prix
437,2019,4,baku,Azerbaijan Grand Prix,2019-04-28,12:10:00Z,https://en.wikipedia.org/wiki/2019_Azerbaijan_Grand_Prix
438,2019,5,catalunya,Spanish Grand Prix,2019-05-12,13:10:00Z,https://en.wikipedia.org/wiki/2019_Spanish_Grand_Prix
439,2019,6,monaco,Monaco Grand Prix,2019-05-26,13:10:00Z,https://en.wikipedia.org/wiki/2019_Monaco_Grand_Prix
440,2019,7,villeneuve,Canadian Grand Prix,2019-06-09,18:10:00Z,https://en.wikipedia.org/wiki/2019_Canadian_Grand_Prix
441,2019,8,ricard,French Grand Prix,2019-06-23,13:10:00Z,https://en.wikipedia.org/wiki/2019_French_Grand_Prix
442,2019,9,red_bull_ring,Austrian Grand Prix,2019-06-30,13:10:00Z,https://en.wikipedia.org/wiki/2019_Austrian_Grand_Prix
443,2019,10,silverstone,British Grand Prix,2019-07-14,13:10:00Z,https://en.wikipedia.org/wiki/2019_British_Grand_Prix
444,2019,11,hockenheimring,German Grand Prix,2019-07-28,13:10:00Z,https://en.wikipedia.org/wiki/2019_German_Grand_Prix
445,2019,12,hungaroring,Hungarian Grand Prix,2019-08-04,13:10:00Z,https://en.wikipedia.org/wiki/2019_Hungarian_Grand_Prix
446,2019,13,spa,Belgian Grand Prix,2019-09-01,13:10:00Z,https://en.wikipedia.org/wiki/2019_Belgian_Grand_Prix
447,2019,14,monza,Italian Grand Prix,2019-09-08,13:10:00Z,https://en.wikipedia.org/wiki/2019_Italian_Grand_Prix
448,2019,15,marina_bay,Singapore Grand Prix,2019-09-22,12:10:00Z,https://en.wikipedia.org/wiki/2019_Singapore_Grand_Prix
449,2019,16,sochi,Russian Grand Prix,2019-09-29,11:10:00Z,https://en.wikipedia.org/wiki/2019_Russian_Grand_Prix
450,2019,17,suzuka,Japanese Grand Prix,2019-10-13,05:10:00Z,https://en.wikipedia.org/wiki/2019_Japanese_Grand_Prix
451,2019,18,rodriguez,Mexican Grand Prix,2019-10-27,19:10:00Z,https://en.wikipedia.org/wiki/2019_Mexican_Grand_Prix
452,2019,19,americas,United States Grand Prix,2019-11-03,19:10:00Z,https://en.wikipedia.org/wiki/2019_United_States_Grand_Prix
453,2019,20,interlagos,Brazilian Grand Prix,2019-11-17,17:10:00Z,https://en.wikipedia.org/wiki/2019_Brazilian_Grand_Prix
454,2019,21,yas_marina,Abu Dhabi Grand Prix,2019-12-01,13:10:00Z,https://en.wikipedia.org/wiki/2019_Abu_Dhabi_Grand_Prix
455,2020,1,red_bull_ring,Austrian Grand Prix,2020-07-05,13:10:00Z,https://en.wikipedia.org/wiki/2020_Austrian_Grand_Prix
456,2020,2,red_bull_ring,Styrian Grand Prix,2020-07-12,13:10:00Z,https://en.wikipedia.org/wiki/2020_Styrian_Grand_Prix
457,2020,3,hungaroring,Hungarian Grand Prix,2020-07-19,13:10:00Z,https://en.wikipedia.org/wiki/2020_Hungarian_Grand_Prix
458,2020,4,silverstone,British Grand Prix,2020-08-02,13:10:00Z,https://en.wikipedia.org/wiki/2020_British_Grand_Prix
459,2020,5,silverstone,70th Anniversary Grand Prix,2020-08-09,13:10:00Z,https://en.wikipedia.org/wiki/70th_Anniversary_Grand_Prix
460,2020,6,catalunya,Spanish Grand Prix,2020-08-16,13:10:00Z,https://en.wikipedia.org/wiki/2020_Spanish_Grand_Prix
461,2020,7,spa,Belgian Grand Prix,2020-08-30,13:10:00Z,https://en.wikipedia.org/wiki/2020_Belgian_Grand_Prix
462,2020,8,monza,Italian Grand Prix,2020-09-06,13:10:00Z,https://en.wikipedia.org/wiki/2020_Italian_Grand_Prix
463,2020,9,mugello,Tuscan Grand Prix,2020-09-13,13:10:00Z,https://en.wikipedia.org/wiki/2020_Tuscan_Grand_Prix
464,2020,10,sochi,Russian Grand Prix,2020-09-27,11:10:00Z,https://en.wikipedia.org/wiki/2020_Russian_Grand_Prix
465,2020,11,nurburgring,Eifel Grand Prix,2020-10-11,13:10:00Z,https://en.wikipedia.org/wiki/2020_Eifel_Grand_Prix
466,2020,12,portimao,Portuguese Grand Prix,2020-10-25,12:10:00Z,https://en.wikipedia.org/wiki/2020_Portuguese_Grand_Prix
467,2020,13,imola,Emilia Romagna Grand Prix,2020-11-01,12:10:00Z,https://en.wikipedia.org/wiki/2020_Emilia_Romagna_Grand_Prix
468,2020,14,istanbul,Turkish Grand Prix,2020-11-15,10:10:00Z,https://en.wikipedia.org/wiki/2020_Turkish_Grand_Prix
469,2020,15,bahrain,Bahrain Grand Prix,2020-11-29,14:10:00Z,https://en.wikipedia.org/wiki/2020_Bahrain_Grand_Prix
470,2020,16,bahrain,Sakhir Grand Prix,2020-12-06,17:10:00Z,https://en.wikipedia.org/wiki/2020_Sakhir_Grand_Prix
471,2020,17,yas_marina,Abu Dhabi Grand Prix,2020-12-13,13:10:00Z,https://en.wikipedia.org/wiki/2020_Abu_Dhabi_Grand_Prix
472,2021,1,bahrain,Bahrain Grand Prix,2021-03-28,15:00:00Z,https://en.wikipedia.org/wiki/2021_Bahrain_Grand_Prix
473,2021,2,imola,Emilia Romagna Grand Prix,2021-04-18,13:00:00Z,https://en.wikipedia.org/wiki/2021_Emilia_Romagna_Grand_Prix
474,2021,3,portimao,Portuguese Grand Prix,2021-05-02,14:00:00Z,https://en.wikipedia.org/wiki/2021_Portuguese_Grand_Prix
475,2021,4,catalunya,Spanish Grand Prix,2021-05-09,13:00:00Z,https://en.wikipedia.org/wiki/2021_Spanish_Grand_Prix
476,2021,5,monaco,Monaco Grand Prix,2021-05-23,13:00:00Z,https://en.wikipedia.org/wiki/2021_Monaco_Grand_Prix
477,2021,6,baku,Azerbaijan Grand Prix,2021-06-06,12:00:00Z,https://en.wikipedia.org/wiki/2021_Azerbaijan_Grand_Prix
478,2021,7,ricard,French Grand Prix,2021-06-20,13:00:00Z,https://en.wikipedia.org/wiki/2021_French_Grand_Prix
479,2021,8,red_bull_ring,Styrian Grand Prix,2021-06-27,13:00:00Z,https://en.wikipedia.org/wiki/2021_Styrian_Grand_Prix
480,2021,9,red_bull_ring,Austrian Grand Prix,2021-07-04,13:00:00Z,https://en.wikipedia.org/wiki/2021_Austrian_Grand_Prix
481,2021,10,silverstone,British Grand Prix,2021-07-18,14:00:00Z,https://en.wikipedia.org/wiki/2021_British_Grand_Prix
482,2021,11,hungaroring,Hungarian Grand Prix,2021-08-01,13:00:00Z,https://en.wikipedia.org/wiki/2021_Hungarian_Grand_Prix
483,2021,12,spa,Belgian Grand Prix,2021-08-29,13:00:00Z,https://en.wikipedia.org/wiki/2021_Belgian_Grand_Prix
484,2021,13,zandvoort,Dutch Grand Prix,2021-09-05,13:00:00Z,https://en.wikipedia.org/wiki/2021_Dutch_Grand_Prix
485,2021,14,monza,Italian Grand Prix,2021-09-12,13:00:00Z,https://en.wikipedia.org/wiki/2021_Italian_Grand_Prix
486,2021,15,sochi,Russian Grand Prix,2021-09-26,12:00:00Z,https://en.wikipedia.org/wiki/2021_Russian_Grand_Prix
487,2021,16,istanbul,Turkish Grand Prix,2021-10-10,12:00:00Z,https://en.wikipedia.org/wiki/2021_Turkish_Grand_Prix
488,2021,17,americas,United States Grand Prix,2021-10-24,19:00:00Z,https://en.wikipedia.org/wiki/2021_United_States_Grand_Prix
489,2021,18,rodriguez,Mexico City Grand Prix,2021-11-07,19:00:00Z,https://en.wikipedia.org/wiki/2021_Mexico_City_Grand_Prix
490,2021,19,interlagos,São Paulo Grand Prix,2021-11-14,17:00:00Z,https://en.wikipedia.org/wiki/2021_S%C3%A3o_Paulo_Grand_Prix
491,2021,20,losail,Qatar Grand Prix,2021-11-21,14:00:00Z,https://en.wikipedia.org/wiki/2021_Qatar_Grand_Prix
492,2021,21,jeddah,Saudi Arabian Grand Prix,2021-12-05,17:30:00Z,https://en.wikipedia.org/wiki/2021_Saudi_Arabian_Grand_Prix
493,2021,22,yas_marina,Abu Dhabi Grand Prix,2021-12-12,13:00:00Z,https://en.wikipedia.org/wiki/2021_Abu_Dhabi_Grand_Prix
494,2022,1,bahrain,Bahrain Grand Prix,2022-03-20,15:00:00Z,https://en.wikipedia.org/wiki/2022_Bahrain_Grand_Prix
495,2022,2,jeddah,Saudi Arabian Grand Prix,2022-03-27,17:00:00Z,https://en.wikipedia.org/wiki/2022_Saudi_Arabian_Grand_Prix
496,2022,3,albert_park,Australian Grand Prix,2022-04-10,05:00:00Z,https://en.wikipedia.org/wiki/2022_Australian_Grand_Prix
497,2022,4,imola,Emilia Romagna Grand Prix,2022-04-24,13:00:00Z,https://en.wikipedia.org/wiki/2022_Emilia_Romagna_Grand_Prix
498,2022,5,miami,Miami Grand Prix,2022-05-08,19:30:00Z,https://en.wikipedia.org/wiki/2022_Miami_Grand_Prix
499,2022,6,catalunya,Spanish Grand Prix,2022-05-22,13:00:00Z,https://en.wikipedia.org/wiki/2022_Spanish_Grand_Prix
500,2022,7,monaco,Monaco Grand Prix,2022-05-29,13:00:00Z,https://en.wikipedia.org/wiki/2022_Monaco_Grand_Prix
501,2022,8,baku,Azerbaijan Grand Prix,2022-06-12,11:00:00Z,https://en.wikipedia.org/wiki/2022_Azerbaijan_Grand_Prix
502,2022,9,villeneuve,Canadian Grand Prix,2022-06-19,18:00:00Z,https://en.wikipedia.org/wiki/2022_Canadian_Grand_Prix
503,2022,10,silverstone,British Grand Prix,2022-07-03,14:00:00Z,https://en.wikipedia.org/wiki/2022_British_Grand_Prix
504,2022,11,red_bull_ring,Austrian Grand Prix,2022-07-10,13:00:00Z,https://en.wikipedia.org/wiki/2022_Austrian_Grand_Prix
505,2022,12,ricard,French Grand Prix,2022-07-24,13:00:00Z,https://en.wikipedia.org/wiki/2022_French_Grand_Prix
506,2022,13,hungaroring,Hungarian Grand Prix,2022-07-31,13:00:00Z,https://en.wikipedia.org/wiki/2022_Hungarian_Grand_Prix
507,2022,14,spa,Belgian Grand Prix,2022-08-28,13:00:00Z,https://en.wikipedia.org/wiki/2022_Belgian_Grand_Prix
508,2022,15,zandvoort,Dutch Grand Prix,2022-09-04,13:00:00Z,https://en.wikipedia.org/wiki/2022_Dutch_Grand_Prix
509,2022,16,monza,Italian Grand Prix,2022-09-11,13:00:00Z,https://en.wikipedia.org/wiki/2022_Italian_Grand_Prix
510,2022,17,marina_bay,Singapore Grand Prix,2022-10-02,12:00:00Z,https://en.wikipedia.org/wiki/2022_Singapore_Grand_Prix
511,2022,18,suzuka,Japanese Grand Prix,2022-10-09,05:00:00Z,https://en.wikipedia.org/wiki/2022_Japanese_Grand_Prix
512,2022,19,americas,United States Grand Prix,2022-10-23,19:00:00Z,https://en.wikipedia.org/wiki/2022_United_States_Grand_Prix
513,2022,20,rodriguez,Mexico City Grand Prix,2022-10-30,20:00:00Z,https://en.wikipedia.org/wiki/2022_Mexico_City_Grand_Prix
514,2022,21,interlagos,São Paulo Grand Prix,2022-11-13,18:00:00Z,https://en.wikipedia.org/wiki/2022_São_Paulo_Grand_Prix
515,2022,22,yas_marina,Abu Dhabi Grand Prix,2022-11-20,13:00:00Z,https://en.wikipedia.org/wiki/2022_Abu_Dhabi_Grand_Prix
516,2023,1,bahrain,Bahrain Grand Prix,2023-03-05,15:00:00Z,https://en.wikipedia.org/wiki/2023_Bahrain_Grand_Prix
517,2023,2,jeddah,Saudi Arabian Grand Prix,2023-03-19,17:00:00Z,https://en.wikipedia.org/wiki/2023_Saudi_Arabian_Grand_Prix
518,2023,3,albert_park,Australian Grand Prix,2023-04-02,05:00:00Z,https://en.wikipedia.org/wiki/2023_Australian_Grand_Prix
519,2023,4,baku,Azerbaijan Grand Prix,2023-04-30,11:00:00Z,https://en.wikipedia.org/wiki/2023_Azerbaijan_Grand_Prix
520,2023,5,miami,Miami Grand Prix,2023-05-07,19:30:00Z,https://en.wikipedia.org/wiki/2023_Miami_Grand_Prix
521,2023,6,monaco,Monaco Grand Prix,2023-05-28,13:00:00Z,https://en.wikipedia.org/wiki/2023_Monaco_Grand_Prix
522,2023,7,catalunya,Spanish Grand Prix,2023-06-04,13:00:00Z,https://en.wikipedia.org/wiki/2023_Spanish_Grand_Prix
523,2023,8,villeneuve,Canadian Grand Prix,2023-06-18,18:00:00Z,https://en.wikipedia.org/wiki/2023_Canadian_Grand_Prix
524,2023,9,red_bull_ring,Austrian Grand Prix,2023-07-02,13:00:00Z,https://en.wikipedia.org/wiki/2023_Austrian_Grand_Prix
525,2023,10,silverstone,British Grand Prix,2023-07-09,14:00:00Z,https://en.wikipedia.org/wiki/2023_British_Grand_Prix
526,2023,11,hungaroring,Hungarian Grand Prix,2023-07-23,13:00:00Z,https://en.wikipedia.org/wiki/2023_Hungarian_Grand_Prix
527,2023,12,spa,Belgian Grand Prix,2023-07-30,13:00:00Z,https://en.wikipedia.org/wiki/2023_Belgian_Grand_Prix
528,2023,13,zandvoort,Dutch Grand Prix,2023-08-27,13:00:00Z,https://en.wikipedia.org/wiki/2023_Dutch_Grand_Prix
529,2023,14,monza,Italian Grand Prix,2023-09-03,13:00:00Z,https://en.wikipedia.org/wiki/2023_Italian_Grand_Prix
530,2023,15,marina_bay,Singapore Grand Prix,2023-09-17,12:00:00Z,https://en.wikipedia.org/wiki/2023_Singapore_Grand_Prix
531,2023,16,suzuka,Japanese Grand Prix,2023-09-24,05:00:00Z,https://en.wikipedia.org/wiki/2023_Japanese_Grand_Prix
532,2023,17,losail,Qatar Grand Prix,2023-10-08,17:00:00Z,https://en.wikipedia.org/wiki/2023_Qatar_Grand_Prix
533,2023,18,americas,United States Grand Prix,2023-10-22,19:00:00Z,https://en.wikipedia.org/wiki/2023_United_States_Grand_Prix
534,2023,19,rodriguez,Mexico City Grand Prix,2023-10-29,20:00:00Z,https://en.wikipedia.org/wiki/2023_Mexico_City_Grand_Prix
535,2023,20,interlagos,São Paulo Grand Prix,2023-11-05,17:00:00Z,https://en.wikipedia.org/wiki/2023_S%C3%A3o_Paulo_Grand_Prix
536,2023,21,vegas,Las Vegas Grand Prix,2023-11-19,06:00:00Z,https://en.wikipedia.org/wiki/2023_Las_Vegas_Grand_Prix
537,2023,22,yas_marina,Abu Dhabi Grand Prix,2023-11-26,13:00:00Z,https://en.wikipedia.org/wiki/2023_Abu_Dhabi_Grand_Prix
538,2024,1,bahrain,Bahrain Grand Prix,2024-03-02,15:00:00Z,https://en.wikipedia.org/wiki/2024_Bahrain_Grand_Prix
539,2024,2,jeddah,Saudi Arabian Grand Prix,2024-03-09,17:00:00Z,https://en.wikipedia.org/wiki/2024_Saudi_Arabian_Grand_Prix
540,2024,3,albert_park,Australian Grand Prix,2024-03-24,04:00:00Z,https://en.wikipedia.org/wiki/2024_Australian_Grand_Prix
541,2024,4,suzuka,Japanese Grand Prix,2024-04-07,05:00:00Z,https://en.wikipedia.org/wiki/2024_Japanese_Grand_Prix
542,2024,5,shanghai,Chinese Grand Prix,2024-04-21,07:00:00Z,https://en.wikipedia.org/wiki/2024_Chinese_Grand_Prix
543,2024,6,miami,Miami Grand Prix,2024-05-05,20:00:00Z,https://en.wikipedia.org/wiki/2024_Miami_Grand_Prix
544,2024,7,imola,Emilia Romagna Grand Prix,2024-05-19,13:00:00Z,https://en.wikipedia.org/wiki/2024_Emilia_Romagna_Grand_Prix
545,2024,8,monaco,Monaco Grand Prix,2024-05-26,13:00:00Z,https://en.wikipedia.org/wiki/2024_Monaco_Grand_Prix
546,2024,9,villeneuve,Canadian Grand Prix,2024-06-09,18:00:00Z,https://en.wikipedia.org/wiki/2024_Canadian_Grand_Prix
547,2024,10,catalunya,Spanish Grand Prix,2024-06-23,13:00:00Z,https://en.wikipedia.org/wiki/2024_Spanish_Grand_Prix
548,2024,11,red_bull_ring,Austrian Grand Prix,2024-06-30,13:00:00Z,https://en.wikipedia.org/wiki/2024_Austrian_Grand_Prix
549,2024,12,silverstone,British Grand Prix,2024-07-07,14:00:00Z,https://en.wikipedia.org/wiki/2024_British_Grand_Prix
550,2024,13,hungaroring,Hungarian Grand Prix,2024-07-21,13:00:00Z,https://en.wikipedia.org/wiki/2024_Hungarian_Grand_Prix
551,2024,14,spa,Belgian Grand Prix,2024-07-28,13:00:00Z,https://en.wikipedia.org/wiki/2024_Belgian_Grand_Prix
552,2024,15,zandvoort,Dutch Grand Prix,2024-08-25,13:00:00Z,https://en.wikipedia.org/wiki/2024_Dutch_Grand_Prix
553,2024,16,monza,Italian Grand Prix,2024-09-01,13:00:00Z,https://en.wikipedia.org/wiki/2024_Italian_Grand_Prix
554,2024,17,baku,Azerbaijan Grand Prix,2024-09-15,11:00:00Z,https://en.wikipedia.org/wiki/2024_Azerbaijan_Grand_Prix
555,2024,18,marina_bay,Singapore Grand Prix,2024-09-22,12:00:00Z,https://en.wikipedia.org/wiki/2024_Singapore_Grand_Prix
556,2024,19,americas,United States Grand Prix,2024-10-20,19:00:00Z,https://en.wikipedia.org/wiki/2024_United_States_Grand_Prix
557,2024,20,rodriguez,Mexico City Grand Prix,2024-10-27,20:00:00Z,https://en.wikipedia.org/wiki/2024_Mexico_City_Grand_Prix
558,2024,21,interlagos,São Paulo Grand Prix,2024-11-03,17:00:00Z,https://en.wikipedia.org/wiki/2024_S%C3%A3o_Paulo_Grand_Prix
559,2024,22,vegas,Las Vegas Grand Prix,2024-11-23,06:00:00Z,https://en.wikipedia.org/wiki/2024_Las_Vegas_Grand_Prix
560,2024,23,losail,Qatar Grand Prix,2024-12-01,16:00:00Z,https://en.wikipedia.org/wiki/2024_Qatar_Grand_Prix
561,2024,24,yas_marina,Abu Dhabi Grand Prix,2024-12-08,13:00:00Z,https://en.wikipedia.org/wiki/2024_Abu_Dhabi_Grand_Prix
562,2025,1,albert_park,Australian Grand Prix,2025-03-16,04:00:00Z,https://en.wikipedia.org/wiki/2025_Australian_Grand_Prix
563,2025,2,shanghai,Chinese Grand Prix,2025-03-23,07:00:00Z,https://en.wikipedia.org/wiki/2025_Chinese_Grand_Prix
564,2025,3,suzuka,Japanese Grand Prix,2025-04-06,05:00:00Z,https://en.wikipedia.org/wiki/2025_Japanese_Grand_Prix
565,2025,4,bahrain,Bahrain Grand Prix,2025-04-13,15:00:00Z,https://en.wikipedia.org/wiki/2025_Bahrain_Grand_Prix
566,2025,5,jeddah,Saudi Arabian Grand Prix,2025-04-20,17:00:00Z,https://en.wikipedia.org/wiki/2025_Saudi_Arabian_Grand_Prix
567,2025,6,miami,Miami Grand Prix,2025-05-04,20:00:00Z,https://en.wikipedia.org/wiki/2025_Miami_Grand_Prix
568,2025,7,imola,Emilia Romagna Grand Prix,2025-05-18,13:00:00Z,https://en.wikipedia.org/wiki/2025_Emilia_Romagna_Grand_Prix
569,2025,8,monaco,Monaco Grand Prix,2025-05-25,13:00:00Z,https://en.wikipedia.org/wiki/2025_Monaco_Grand_Prix
570,2025,9,catalunya,Spanish Grand Prix,2025-06-01,13:00:00Z,https://en.wikipedia.org/wiki/2025_Spanish_Grand_Prix
571,2025,10,villeneuve,Canadian Grand Prix,2025-06-15,18:00:00Z,https://en.wikipedia.org/wiki/2025_Canadian_Grand_Prix
572,2025,11,red_bull_ring,Austrian Grand Prix,2025-06-29,13:00:00Z,https://en.wikipedia.org/wiki/2025_Austrian_Grand_Prix
573,2025,12,silverstone,British Grand Prix,2025-07-06,14:00:00Z,https://en.wikipedia.org/wiki/2025_British_Grand_Prix
574,2025,13,spa,Belgian Grand Prix,2025-07-27,13:00:00Z,https://en.wikipedia.org/wiki/2025_Belgian_Grand_Prix
575,2025,14,hungaroring,Hungarian Grand Prix,2025-08-03,13:00:00Z,https://en.wikipedia.org/wiki/2025_Hungarian_Grand_Prix
576,2025,15,zandvoort,Dutch Grand Prix,2025-08-31,13:00:00Z,https://en.wikipedia.org/wiki/2025_Dutch_Grand_Prix
577,2025,16,monza,Italian Grand Prix,2025-09-07,13:00:00Z,https://en.wikipedia.org/wiki/2025_Italian_Grand_Prix
578,2025,17,baku,Azerbaijan Grand Prix,2025-09-21,11:00:00Z,https://en.wikipedia.org/wiki/2025_Azerbaijan_Grand_Prix
579,2025,18,marina_bay,Singapore Grand Prix,2025-10-05,12:00:00Z,https://en.wikipedia.org/wiki/2025_Singapore_Grand_Prix
580,2025,19,americas,United States Grand Prix,2025-10-19,19:00:00Z,https://en.wikipedia.org/wiki/2025_United_States_Grand_Prix
581,2025,20,rodriguez,Mexico City Grand Prix,2025-10-26,20:00:00Z,https://en.wikipedia.org/wiki/2025_Mexico_City_Grand_Prix
582,2025,21,interlagos,São Paulo Grand Prix,2025-11-09,17:00:00Z,https://en.wikipedia.org/wiki/2025_S%C3%A3o_Paulo_Grand_Prix
583,2025,22,vegas,Las Vegas Grand Prix,2025-11-23,04:00:00Z,https://en.wikipedia.org/wiki/2025_Las_Vegas_Grand_Prix
584,2025,23,losail,Qatar Grand Prix,2025-11-30,16:00:00Z,https://en.wikipedia.org/wiki/2025_Qatar_Grand_Prix
585,2025,24,yas_marina,Abu Dhabi Grand Prix,2025-12-07,13:00:00Z,https://en.wikipedia.org/wiki/2025_Abu_Dhabi_Grand_Prix
586,2026,1,albert_park,Australian Grand Prix,2026-03-08,04:00:00Z,https://en.wikipedia.org/wiki/2026_Australian_Grand_Prix
587,2026,2,shanghai,Chinese Grand Prix,2026-03-15,07:00:00Z,https://en.wikipedia.org/wiki/2026_Chinese_Grand_Prix
588,2026,3,suzuka,Japanese Grand Prix,2026-03-29,05:00:00Z,https://en.wikipedia.org/wiki/2026_Japanese_Grand_Prix
589,2026,4,miami,Miami Grand Prix,2026-05-03,20:00:00Z,https://en.wikipedia.org/wiki/2026_Miami_Grand_Prix
590,2026,5,villeneuve,Canadian Grand Prix,2026-05-24,20:00:00Z,https://en.wikipedia.org/wiki/2026_Canadian_Grand_Prix
591,2026,6,monaco,Monaco Grand Prix,2026-06-07,13:00:00Z,https://en.wikipedia.org/wiki/2026_Monaco_Grand_Prix
592,2026,7,catalunya,Barcelona Grand Prix,2026-06-14,13:00:00Z,https://en.wikipedia.org/wiki/2026_Barcelona-Catalunya
593,2026,8,red_bull_ring,Austrian Grand Prix,2026-06-28,13:00:00Z,https://en.wikipedia.org/wiki/2026_Austrian_Grand_Prix
594,2026,9,silverstone,British Grand Prix,2026-07-05,14:00:00Z,https://en.wikipedia.org/wiki/2026_British_Grand_Prix
595,2026,10,spa,Belgian Grand Prix,2026-07-19,13:00:00Z,https://en.wikipedia.org/wiki/2026_Belgian_Grand_Prix
596,2026,11,hungaroring,Hungarian Grand Prix,2026-07-26,13:00:00Z,https://en.wikipedia.org/wiki/2026_Hungarian_Grand_Prix
597,2026,12,zandvoort,Dutch Grand Prix,2026-08-23,13:00:00Z,https://en.wikipedia.org/wiki/2026_Dutch_Grand_Prix
598,2026,13,monza,Italian Grand Prix,2026-09-06,13:00:00Z,https://en.wikipedia.org/wiki/2026_Italian_Grand_Prix
599,2026,14,madring,Spanish Grand Prix,2026-09-13,13:00:00Z,https://en.wikipedia.org/wiki/2026_Spanish_Grand_Prix
600,2026,15,baku,Azerbaijan Grand Prix,2026-09-26,11:00:00Z,https://en.wikipedia.org/wiki/2026_Azerbaijan_Grand_Prix
601,2026,16,marina_bay,Singapore Grand Prix,2026-10-11,12:00:00Z,https://en.wikipedia.org/wiki/2026_Singapore_Grand_Prix
602,2026,17,americas,United States Grand Prix,2026-10-25,20:00:00Z,https://en.wikipedia.org/wiki/2026_United_States_Grand_Prix
603,2026,18,rodriguez,Mexico City Grand Prix,2026-11-01,20:00:00Z,https://en.wikipedia.org/wiki/2026_Mexico_City_Grand_Prix
604,2026,19,interlagos,Brazilian Grand Prix,2026-11-08,17:00:00Z,https://en.wikipedia.org/wiki/2026_Brazilian_Grand_Prix
605,2026,20,vegas,Las Vegas Grand Prix,2026-11-22,04:00:00Z,https://en.wikipedia.org/wiki/2026_Las_Vegas_Grand_Prix
606,2026,21,losail,Qatar Grand Prix,2026-11-29,16:00:00Z,https://en.wikipedia.org/wiki/2026_Qatar_Grand_Prix
607,2026,22,yas_marina,Abu Dhabi Grand Prix,2026-12-06,13:00:00Z,https://en.wikipedia.org/wiki/2026_Abu_Dhabi_Grand_Prix
